"","seqnames","start","end","width","strand","V4","V5","annotation","geneChr","geneStart","geneEnd","geneLength","geneStrand","geneId","transcriptId","distanceToTSS"
"1","NC_000067.7",24652561,24653046,486,"*","CBD2vsMODEL2_cond1_1",16.4087,"Distal Intergenic",1,24296764,24627870,331107,2,"Col19a1","XM_006495645.5",-24691
"2","NC_000067.7",24654840,24655224,385,"*","CBD2vsMODEL2_cond1_2",30.1961,"Distal Intergenic",1,24296764,24627870,331107,2,"Col19a1","XM_006495645.5",-26970
"3","NC_000067.7",38168738,38169152,415,"*","CBD2vsMODEL2_cond1_3",9.09572,"Promoter (<=1kb)",1,38091867,38168747,76881,2,"Rev1","NM_001359287.1",0
"4","NC_000067.7",38666342,38666657,316,"*","CBD2vsMODEL2_cond1_4",6.15141,"Promoter (2-3kb)",1,38216397,38669258,452862,2,"Aff3","XM_006495737.5",2601
"5","NC_000067.7",43733995,43734367,373,"*","CBD2vsMODEL2_cond1_5",7.3719,"Exon (XR_865403.1/Gm38628, exon 2 of 2)",1,43719586,43735140,15555,1,"Gm38628","XR_865403.1",14409
"6","NC_000067.7",52539309,52539572,264,"*","CBD2vsMODEL2_cond1_6",10.1531,"Promoter (<=1kb)",1,52495008,52539607,44600,2,"Nab1","NM_008667.3",35
"7","NC_000067.7",87774720,87775018,299,"*","CBD2vsMODEL2_cond1_7",5.85273,"Distal Intergenic",1,87780942,87870098,89157,1,"Dgkd","XM_006529471.4",-5924
"8","NC_000067.7",135662191,135662521,331,"*","CBD2vsMODEL2_cond1_8",4.7814,"Intron (XM_036157918.1/Csrp1, intron 1 of 5)",1,135656905,135679967,23063,1,"Csrp1","NR_153810.1",5286
"9","NC_000067.7",164285662,164285939,278,"*","CBD2vsMODEL2_cond1_9",4.34931,"Promoter (<=1kb)",1,164264668,164285924,21257,2,"Atp1b1","NM_009721.6",0
"10","NC_000067.7",191821846,191822203,358,"*","CBD2vsMODEL2_cond1_10",4.21877,"Promoter (<=1kb)",1,191782842,191821895,39054,2,"Rcor3","NM_001403274.1",0
"11","NC_000067.7",192537743,192538034,292,"*","CBD2vsMODEL2_cond1_11",5.36141,"Promoter (<=1kb)",1,192526796,192538060,11265,2,"Sertad4","NM_198247.2",26
"12","NC_000068.8",6876838,6877122,285,"*","CBD2vsMODEL2_cond1_12",10.1903,"Promoter (<=1kb)",2,6544505,6876846,332342,2,"Celf2","NM_001347094.1",0
"13","NC_000068.8",20904662,20905012,351,"*","CBD2vsMODEL2_cond1_13",20.3506,"Intron (XM_006497538.5/Arhgap21, intron 3 of 24)",2,20852751,20948206,95456,2,"Arhgap21","NM_001408321.1",43194
"14","NC_000068.8",26231594,26232116,523,"*","CBD2vsMODEL2_cond1_14",8.67499,"Promoter (<=1kb)",2,26230607,26238249,7643,1,"Gpsm1","XM_006498255.3",987
"15","NC_000068.8",26415689,26416040,352,"*","CBD2vsMODEL2_cond1_15",3.63748,"Distal Intergenic",2,26393939,26395359,1421,1,"Gm35978","NR_132655.1",21750
"16","NC_000068.8",35404125,35404647,523,"*","CBD2vsMODEL2_cond1_16",6.66534,"Distal Intergenic",2,35387934,35394848,6915,2,"Gm35260","XR_374283.3",-9277
"17","NC_000068.8",44957138,44957400,263,"*","CBD2vsMODEL2_cond1_17",9.13562,"Intron (NM_001289521.2/Zeb2, intron 1 of 8)",2,44873523,45000372,126850,2,"Zeb2","NM_001289521.2",42972
"18","NC_000068.8",58457259,58457562,304,"*","CBD2vsMODEL2_cond1_18",6.37723,"Promoter (<=1kb)",2,58457346,58682983,225638,1,"Upp2","NM_001289660.1",0
"19","NC_000068.8",66019539,66019803,265,"*","CBD2vsMODEL2_cond1_19",7.99329,"Intron (XM_006500263.5/Ttc21b, intron 26 of 28)",2,65913777,65955217,41441,2,"Galnt3","XR_374409.5",-64322
"20","NC_000068.8",112323291,112323572,282,"*","CBD2vsMODEL2_cond1_20",5.79368,"Promoter (<=1kb)",2,112323282,112461598,138317,1,"Aven","NM_028844.4",9
"21","NC_000068.8",121352687,121353080,394,"*","CBD2vsMODEL2_cond1_21",5.65,"Intron (NM_001290986.1/Wdr76, intron 4 of 12)",2,121338974,121375341,36368,1,"Wdr76","NM_001369185.1",13713
"22","NC_000068.8",122544500,122544785,286,"*","CBD2vsMODEL2_cond1_22",3.52569,"Promoter (<=1kb)",2,122544752,122563376,18625,1,"4930417H01Rik","XR_866683.4",0
"23","NC_000068.8",144070728,144071049,322,"*","CBD2vsMODEL2_cond1_23",4.37875,"Distal Intergenic",2,143901062,144050449,149388,2,"Banf2os","XR_004940954.1",-20279
"24","NC_000068.8",154278315,154278637,323,"*","CBD2vsMODEL2_cond1_24",5.64108,"Promoter (<=1kb)",2,154278404,154381276,102873,1,"Cbfa2t2","NM_001285446.1",0
"25","NC_000068.8",156455306,156455800,495,"*","CBD2vsMODEL2_cond1_25",6.01538,"Promoter (<=1kb)",2,156455431,156606283,150853,1,"Dlgap4","XM_006499340.5",0
"26","NC_000068.8",158090119,158090451,333,"*","CBD2vsMODEL2_cond1_26",3.68943,"Exon (XR_866911.2/Gm34571, exon 3 of 3)",2,158085424,158085485,62,2,"Mir7685","NR_106156.1",-4634
"27","NC_000068.8",166122777,166123130,354,"*","CBD2vsMODEL2_cond1_27",7.32948,"Promoter (1-2kb)",2,166119654,166124469,4816,2,"Gm30733","XM_017319393.2",1339
"28","NC_000068.8",166296387,166296647,261,"*","CBD2vsMODEL2_cond1_28",4.97976,"Intron (NR_015558.3/5031425F14Rik, intron 2 of 2)",2,166289371,166300690,11320,1,"5031425F14Rik","NR_015558.3",7016
"29","NC_000068.8",166904692,166904975,284,"*","CBD2vsMODEL2_cond1_29",10.6989,"Promoter (<=1kb)",2,166904854,166907782,2929,1,"Zfas1","NR_138563.1",0
"30","NC_000068.8",167867234,167867614,381,"*","CBD2vsMODEL2_cond1_30",6.49149,"Intron (XM_036162538.1/Ripor3, intron 1 of 21)",2,167825076,167862984,37909,2,"Ripor3","XR_866340.1",-4250
"31","NC_000068.8",179666927,179667265,339,"*","CBD2vsMODEL2_cond1_31",9.96335,"Promoter (<=1kb)",2,179667260,179677254,9995,1,"Lsm14b","NM_001411279.1",0
"32","NC_000068.8",181654557,181655011,455,"*","CBD2vsMODEL2_cond1_32",12.2557,"Distal Intergenic",2,181633019,181642880,9862,1,"Gm14496","XM_036162507.1",21538
"33","NC_000069.7",5925397,5925878,482,"*","CBD2vsMODEL2_cond1_33",24.6653,"Distal Intergenic",3,6172077,6180975,8899,1,"Gm46796","XR_001783789.2",-246199
"34","NC_000069.7",20008026,20008378,353,"*","CBD2vsMODEL2_cond1_34",4.75863,"Promoter (<=1kb)",3,19999376,20008118,8743,2,"Gm42190","XR_880695.2",0
"35","NC_000069.7",31148416,31149165,750,"*","CBD2vsMODEL2_cond1_35",11.5411,"Promoter (<=1kb)",3,31149259,31176741,27483,1,"Skil","NM_001039090.3",-94
"36","NC_000069.7",37951075,37951356,282,"*","CBD2vsMODEL2_cond1_36",5.90358,"Promoter (1-2kb)",3,37952962,38046877,93916,1,"Gm20755","NR_040559.1",-1606
"37","NC_000069.7",41517718,41517980,263,"*","CBD2vsMODEL2_cond1_37",9.81861,"Promoter (<=1kb)",3,41517818,41571299,53482,1,"Jade1","NM_172303.4",0
"38","NC_000069.7",65792177,65792454,278,"*","CBD2vsMODEL2_cond1_38",3.36836,"Intron (XR_004941566.1/Gm54198, intron 3 of 3)",3,65786852,65795960,9109,1,"Gm54198","XR_004941566.1",5325
"39","NC_000069.7",87524568,87524985,418,"*","CBD2vsMODEL2_cond1_39",5.99591,"Promoter (<=1kb)",3,87524855,87645341,120487,1,"Arhgef11","XM_006501264.2",0
"40","NC_000069.7",100592942,100593207,266,"*","CBD2vsMODEL2_cond1_40",10.7095,"Promoter (<=1kb)",3,100469519,100592789,123271,2,"Man1a2","NM_010763.2",-153
"41","NC_000069.7",121867871,121868146,276,"*","CBD2vsMODEL2_cond1_41",12.4966,"Promoter (<=1kb)",3,121867761,121973719,105959,1,"Abca4","XM_006500911.4",110
"42","NC_000069.7",123699852,123700145,294,"*","CBD2vsMODEL2_cond1_42",18.6544,"Distal Intergenic",3,123801166,123822613,21448,1,"Gm40144","XR_867623.2",-101021
"43","NC_000069.7",152101671,152101937,267,"*","CBD2vsMODEL2_cond1_43",12.6237,"Promoter (<=1kb)",3,152101649,152168463,66815,1,"Zzz3","XM_006500856.5",22
"44","NC_000069.7",153393273,153393600,328,"*","CBD2vsMODEL2_cond1_44",29.9321,"Intron (XM_030252510.1/St6galnac3, intron 1 of 4)",3,153414548,153414663,116,1,"Gm22206",NA,-20948
"45","NC_000070.7",42144228,42144509,282,"*","CBD2vsMODEL2_cond1_45",4.71606,"Intron (NR_169011.1/Gm21104, intron 2 of 5)",4,42153404,42158839,5436,1,"Gm13306","XR_004941786.1",-8895
"46","NC_000070.7",53440394,53440723,330,"*","CBD2vsMODEL2_cond1_46",5.78908,"Promoter (<=1kb)",4,53440413,53550164,109752,1,"Slc44a1","NM_001159633.1",0
"47","NC_000070.7",57846913,57847202,290,"*","CBD2vsMODEL2_cond1_47",5.77904,"Promoter (1-2kb)",4,57845248,57896984,51737,1,"Pakap","NM_009649.3",1665
"48","NC_000070.7",59188974,59189258,285,"*","CBD2vsMODEL2_cond1_48",5.60504,"Promoter (<=1kb)",4,59189452,59222833,33382,1,"Ugcg","XM_006537785.5",-194
"49","NC_000070.7",108196397,108196703,307,"*","CBD2vsMODEL2_cond1_49",4.60737,"3' UTR",4,108205399,108214532,9134,1,"Gm54250","XR_004942150.1",-8696
"50","NC_000070.7",117764225,117764656,432,"*","CBD2vsMODEL2_cond1_50",4.544,"Intron (NM_001419414.1/Ipo13, intron 2 of 19)",4,117751689,117772196,20508,2,"Ipo13","NM_001419414.1",7540
"51","NC_000070.7",123131460,123131943,484,"*","CBD2vsMODEL2_cond1_51",5.41849,"Intron (NM_013905.3/Heyl, intron 1 of 4)",4,123127349,123143663,16315,1,"Heyl","NM_013905.3",4111
"52","NC_000070.7",123133513,123133945,433,"*","CBD2vsMODEL2_cond1_52",5.89785,"Exon (NM_013905.3/Heyl, exon 2 of 5)",4,123127349,123143663,16315,1,"Heyl","NM_013905.3",6164
"53","NC_000070.7",133481310,133481637,328,"*","CBD2vsMODEL2_cond1_53",7.84538,"Promoter (<=1kb)",4,133406970,133481307,74338,2,"Arid1a","XM_006539327.5",-3
"54","NC_000070.7",137943868,137944342,475,"*","CBD2vsMODEL2_cond1_54",13.4862,"Promoter (<=1kb)",4,137943902,137971994,28093,1,"Hp1bp3","XM_030253220.2",0
"55","NC_000070.7",139358715,139359061,347,"*","CBD2vsMODEL2_cond1_55",6.83778,"Intron (XM_006538693.5/Aldh4a1, intron 1 of 13)",4,139350205,139377002,26798,1,"Aldh4a1","NM_175438.4",8510
"56","NC_000070.7",141641186,141641573,388,"*","CBD2vsMODEL2_cond1_56",4.39733,"Exon (XR_881552.2/Gm42338, exon 3 of 3)",4,141637605,141642907,5303,1,"Gm42338","XR_881552.2",3581
"57","NC_000071.7",20907206,20907579,374,"*","CBD2vsMODEL2_cond1_57",5.50273,"3' UTR",5,20886066,20886592,527,2,"Gm52763","XR_003955723.2",-20614
"58","NC_000071.7",33432067,33432374,308,"*","CBD2vsMODEL2_cond1_58",13.5962,"Promoter (<=1kb)",5,33405067,33432348,27282,2,"Ctbp1","NM_001198859.1",0
"59","NC_000071.7",64483784,64484095,312,"*","CBD2vsMODEL2_cond1_59",5.3081,"Intron (XM_011240758.3/Tbc1d1, intron 18 of 22)",5,64463357,64508822,45466,1,"Tbc1d1","XM_036165387.1",20427
"60","NC_000071.7",65854429,65854767,339,"*","CBD2vsMODEL2_cond1_60",3.85448,"Promoter (<=1kb)",5,65765120,65855244,90125,2,"Pds5a","XM_036165493.1",477
"61","NC_000071.7",65855375,65855640,266,"*","CBD2vsMODEL2_cond1_61",8.28051,"Promoter (<=1kb)",5,65763062,65855579,92518,2,"Pds5a","NM_001081321.3",0
"62","NC_000071.7",93145855,93146122,268,"*","CBD2vsMODEL2_cond1_62",4.61005,"Intron (XR_880434.2/Gm36764, intron 1 of 2)",5,93136491,93140910,4420,2,"Gm36764","XR_880433.1",-4945
"63","NC_000071.7",111823324,111823748,425,"*","CBD2vsMODEL2_cond1_63",5.61262,"Distal Intergenic",5,111811735,111814604,2870,1,"Gm36434","XR_389526.3",11589
"64","NC_000071.7",115465241,115465526,286,"*","CBD2vsMODEL2_cond1_64",4.74578,"Promoter (<=1kb)",5,115465236,115471139,5904,1,"Srsf9","NR_036616.1",5
"65","NC_000071.7",118310063,118310332,270,"*","CBD2vsMODEL2_cond1_65",5.18186,"Promoter (2-3kb)",5,118307829,118327543,19715,1,"Hrk","NM_007545.2",2234
"66","NC_000071.7",124370322,124370712,391,"*","CBD2vsMODEL2_cond1_66",4.53737,"Promoter (2-3kb)",5,124367788,124375200,7413,1,"Pitpnm2os1","NR_045369.1",2534
"67","NC_000071.7",125117210,125117686,477,"*","CBD2vsMODEL2_cond1_67",8.4362,"Intron (NM_001253904.1/Ncor2, intron 23 of 47)",5,125080512,125089611,9100,1,"Rflna","NM_028443.3",36698
"68","NC_000071.7",140634551,140634834,284,"*","CBD2vsMODEL2_cond1_68",7.71051,"Promoter (<=1kb)",5,140606332,140634786,28455,2,"Ttyh3","NM_001308040.1",0
"69","NC_000071.7",141227139,141227478,340,"*","CBD2vsMODEL2_cond1_69",11.1987,"Promoter (<=1kb)",5,141227252,142201377,974126,1,"Sdk1","XM_006504712.2",0
"70","NC_000071.7",143017122,143017421,300,"*","CBD2vsMODEL2_cond1_70",4.14618,"Intron (XM_036164723.1/Rnf216, intron 13 of 16)",5,143024746,143054077,29332,1,"Gm43380","XR_003955826.1",-7325
"71","NC_000071.7",146197798,146198177,380,"*","CBD2vsMODEL2_cond1_71",23.6455,"Intron (XM_006504836.5/Cdk8, intron 2 of 12)",5,146168060,146239684,71625,1,"Cdk8","NM_153599.4",29738
"72","NC_000071.7",149469955,149470244,290,"*","CBD2vsMODEL2_cond1_72",22.2183,"Intron (XM_017320945.2/Wdr95, intron 11 of 30)",5,149412521,149461495,48975,2,"Gm15997","NR_045423.1",-8460
"73","NC_000072.7",4923843,4924197,355,"*","CBD2vsMODEL2_cond1_73",5.19215,"Intron (XR_003956199.2/Ppp1r9a, intron 2 of 14)",6,4903486,5165661,262176,1,"Ppp1r9a","XM_036166125.1",20357
"74","NC_000072.7",21214732,21215279,548,"*","CBD2vsMODEL2_cond1_74",10.1883,"Promoter (<=1kb)",6,21215345,21729804,514460,1,"Kcnd2","NM_019697.4",-66
"75","NC_000072.7",35516236,35516555,320,"*","CBD2vsMODEL2_cond1_75",5.42359,"Promoter (<=1kb)",6,35485759,35516823,31065,2,"Mtpn","NM_008098.4",268
"76","NC_000072.7",36774138,36774426,289,"*","CBD2vsMODEL2_cond1_76",3.89695,"Promoter (<=1kb)",6,36774258,36785635,11378,1,"Gm53282","XR_004933666.1",0
"77","NC_000072.7",36777524,36777790,267,"*","CBD2vsMODEL2_cond1_77",8.79794,"Exon (XR_004933666.1/Gm53282, exon 2 of 2)",6,36774258,36785635,11378,1,"Gm53282","XR_004933666.1",3266
"78","NC_000072.7",50087397,50087673,277,"*","CBD2vsMODEL2_cond1_78",8.65181,"Promoter (<=1kb)",6,50087842,50176134,88293,1,"Pals2","NM_001361247.2",-169
"79","NC_000072.7",71417249,71417601,353,"*","CBD2vsMODEL2_cond1_79",5.10047,"Promoter (<=1kb)",6,71365618,71417621,52004,2,"Rmnd5a","NM_001355745.1",20
"80","NC_000072.7",88901597,88901970,374,"*","CBD2vsMODEL2_cond1_80",3.99452,"Distal Intergenic",6,88891771,88894082,2312,2,"Gm36268","XR_869251.1",-7515
"81","NC_000072.7",100264109,100264604,496,"*","CBD2vsMODEL2_cond1_81",10.1972,"Promoter (<=1kb)",6,100205526,100264319,58794,2,"Rybp","NM_019743.3",0
"82","NC_000072.7",119365089,119365667,579,"*","CBD2vsMODEL2_cond1_82",7.96603,"Promoter (<=1kb)",6,119330625,119365641,35017,2,"Adipor2","XM_030255574.1",0
"83","NC_000072.7",121306806,121307075,270,"*","CBD2vsMODEL2_cond1_83",4.64696,"Promoter (1-2kb)",6,121304906,121314680,9775,1,"Slc6a13","XM_011241211.3",1900
"84","NC_000072.7",124894301,124894831,531,"*","CBD2vsMODEL2_cond1_84",8.06188,"Promoter (<=1kb)",6,124890638,124894909,4272,2,"Ptms","NM_026988.2",78
"85","NC_000072.7",136871989,136872328,340,"*","CBD2vsMODEL2_cond1_85",5.1352,"Distal Intergenic",6,136849433,136852821,3389,2,"Mgp","NM_008597.4",-19168
"86","NC_000073.7",16657704,16657964,261,"*","CBD2vsMODEL2_cond1_86",5.55444,"Promoter (<=1kb)",7,16649304,16657957,8654,2,"Calm3","NM_007590.3",0
"87","NC_000073.7",24516791,24517059,269,"*","CBD2vsMODEL2_cond1_87",4.11824,"Promoter (1-2kb)",7,24518220,24539700,21481,1,"Gm5893","NR_045096.1",-1161
"88","NC_000073.7",27145785,27146152,368,"*","CBD2vsMODEL2_cond1_88",8.36997,"Promoter (<=1kb)",7,27055808,27146014,90207,2,"Sptbn4","NM_032610.2",0
"89","NC_000073.7",28616973,28617464,492,"*","CBD2vsMODEL2_cond1_89",3.95652,"Intron (XM_036153311.1/Actn4, intron 3 of 20)",7,28626845,28631549,4705,1,"Gm38978","XR_881921.3",-9381
"90","NC_000073.7",67601619,67602168,550,"*","CBD2vsMODEL2_cond1_90",4.51663,"Promoter (<=1kb)",7,67601639,67883416,281778,1,"Igf1r","NM_010513.3",0
"91","NC_000073.7",80643398,80643693,296,"*","CBD2vsMODEL2_cond1_91",8.80763,"Promoter (<=1kb)",7,80643432,80694910,51479,1,"Zfp592","NM_178707.4",0
"92","NC_000073.7",84007690,84007963,274,"*","CBD2vsMODEL2_cond1_92",5.17539,"Intron (XM_036152602.1/Arnt2, intron 2 of 18)",7,83895486,84011152,115667,2,"Arnt2","XM_036152602.1",3189
"93","NC_000073.7",100757643,100757983,341,"*","CBD2vsMODEL2_cond1_93",16.5468,"Promoter (<=1kb)",7,100757836,100933612,175777,1,"Fchsd2","XM_006507518.4",0
"94","NC_000073.7",100977979,100978283,305,"*","CBD2vsMODEL2_cond1_94",4.59539,"Promoter (2-3kb)",7,100974396,100975082,687,2,"Gm20476","XR_003946846.1",-2897
"95","NC_000073.7",112806740,112807014,275,"*","CBD2vsMODEL2_cond1_95",4.248,"Promoter (<=1kb)",7,112806754,112913333,106580,1,"Bmal1","XM_036152604.1",0
"96","NC_000073.7",126496137,126496416,280,"*","CBD2vsMODEL2_cond1_96",4.44572,"Promoter (1-2kb)",7,126485391,126497450,12060,2,"Tmem219","NM_026827.1",1034
"97","NC_000073.7",141036400,141036752,353,"*","CBD2vsMODEL2_cond1_97",9.22674,"Promoter (1-2kb)",7,141035101,141040656,5556,1,"Pnpla2","NR_028142.1",1299
"98","NC_000073.7",142595990,142596254,265,"*","CBD2vsMODEL2_cond1_98",4.45262,"Intron (NR_110354.1/R74862, intron 2 of 4)",7,142606487,142621667,15181,1,"Cd81","NM_133655.2",-10233
"99","NC_000073.7",144894664,144895189,526,"*","CBD2vsMODEL2_cond1_99",37.1664,"Distal Intergenic",7,144868572,144877796,9225,1,"Mrgprd","NM_203490.4",26092
"100","NC_000074.7",13580039,13580416,378,"*","CBD2vsMODEL2_cond1_100",5.66009,"Intron (XR_004934923.1/Gm53399, intron 1 of 1)",8,13557463,13617404,59942,1,"Gm53399","XR_004934923.1",22576
"101","NC_000074.7",36716248,36716572,325,"*","CBD2vsMODEL2_cond1_101",4.08444,"Promoter (<=1kb)",8,36683216,36716513,33298,2,"Lonrf1","NM_001081150.2",0
"102","NC_000074.7",58750696,58751000,305,"*","CBD2vsMODEL2_cond1_102",18.6948,"Intron (XM_017312847.3/Galntl6, intron 5 of 12)",8,59150825,59154077,3253,2,"Gm15881","NM_001177534.3",403077
"103","NC_000074.7",69601855,69602278,424,"*","CBD2vsMODEL2_cond1_103",9.22487,"Intron (NM_001370971.1/Lzts1, intron 1 of 3)",8,69610164,69612376,2213,1,"Gm39187","XR_870486.2",-7886
"104","NC_000074.7",84699632,84699907,276,"*","CBD2vsMODEL2_cond1_104",8.69337,"Promoter (<=1kb)",8,84699607,84723073,23467,1,"Prkaca","NM_008854.5",25
"105","NC_000074.7",87472418,87472704,287,"*","CBD2vsMODEL2_cond1_105",15.1577,"Promoter (<=1kb)",8,87442450,87472440,29991,2,"Siah1a","XM_006530784.5",0
"106","NC_000074.7",118505521,118505993,473,"*","CBD2vsMODEL2_cond1_106",6.49294,"Promoter (2-3kb)",8,118488357,118503367,15011,2,"Gm39261","XR_879241.3",-2154
"107","NC_000074.7",120991697,120991981,285,"*","CBD2vsMODEL2_cond1_107",4.22021,"Intron (XM_006531145.5/Gse1, intron 1 of 16)",8,120955240,121308116,352877,1,"Gse1","XM_006531147.4",36457
"108","NC_000074.7",120992279,120992538,260,"*","CBD2vsMODEL2_cond1_108",5.33145,"Intron (XM_006531145.5/Gse1, intron 1 of 16)",8,120955240,121308116,352877,1,"Gse1","XM_006531147.4",37039
"109","NC_000074.7",126296294,126296654,361,"*","CBD2vsMODEL2_cond1_109",24.1019,"Promoter (<=1kb)",8,126144807,126296602,151796,2,"Sipa1l2","NM_001357372.1",0
"110","NC_000074.7",127253931,127254258,328,"*","CBD2vsMODEL2_cond1_110",4.08232,"Distal Intergenic",8,127221632,127227392,5761,2,"Gm51605","XR_003947621.2",-26539
"111","NC_000075.7",26431179,26431670,492,"*","CBD2vsMODEL2_cond1_111",6.70666,"Intron (XR_379203.2/Gm30313, intron 2 of 2)",9,26430781,26460974,30194,2,"Gm30313","XR_379202.3",29304
"112","NC_000075.7",32583607,32583914,308,"*","CBD2vsMODEL2_cond1_112",6.92723,"Intron (XM_036154929.1/Ets1, intron 3 of 8)",9,32607333,32669116,61784,1,"Ets1","NM_001038642.2",-23419
"113","NC_000075.7",57533267,57533585,319,"*","CBD2vsMODEL2_cond1_113",8.6144,"Distal Intergenic",9,57533929,57538291,4363,2,"Csk","XM_030244039.1",4706
"114","NC_000075.7",71742636,71743065,430,"*","CBD2vsMODEL2_cond1_114",4.19088,"Distal Intergenic",9,71533789,71716582,182794,2,"Cgnl1","XM_006511395.1",-26054
"115","NC_000075.7",72182216,72182562,347,"*","CBD2vsMODEL2_cond1_115",10.8415,"Promoter (<=1kb)",9,72182226,72271053,88828,1,"Zfp280d","XM_017313342.2",0
"116","NC_000075.7",72439193,72439785,593,"*","CBD2vsMODEL2_cond1_116",10.0748,"Promoter (<=1kb)",9,72439346,72529168,89823,1,"Rfx7","XM_011242754.4",0
"117","NC_000075.7",96320002,96320484,483,"*","CBD2vsMODEL2_cond1_117",4.73652,"Distal Intergenic",9,96346057,96346974,918,1,"Gm51656","XR_003948077.2",-25573
"118","NC_000075.7",99021941,99022213,273,"*","CBD2vsMODEL2_cond1_118",5.07278,"Promoter (<=1kb)",9,98920456,99021969,101514,2,"Pik3cb","XM_011242829.4",0
"119","NC_000075.7",102656531,102656914,384,"*","CBD2vsMODEL2_cond1_119",5.49094,"Promoter (<=1kb)",9,102652303,102655774,3472,2,"Gm46151","XR_001779358.2",-757
"120","NC_000075.7",107421795,107422087,293,"*","CBD2vsMODEL2_cond1_120",3.82439,"Promoter (1-2kb)",9,107424067,107428520,4454,1,"Zmynd10","XM_006511630.4",-1980
"121","NC_000075.7",123290863,123291263,401,"*","CBD2vsMODEL2_cond1_121",39.4077,"Promoter (2-3kb)",9,123293273,123299079,5807,1,"Gm40586","XR_871396.1",-2010
"122","NC_000075.7",124254238,124258256,4019,"*","CBD2vsMODEL2_cond1_122",57.6593,"Distal Intergenic",9,124195125,124198447,3323,2,"4930526I15Rik","NR_102721.2",-55791
"123","NC_000075.7",124258823,124259466,644,"*","CBD2vsMODEL2_cond1_123",48.2259,"Distal Intergenic",9,124195125,124198447,3323,2,"4930526I15Rik","NR_102721.2",-60376
"124","NC_000076.7",3063433,3063693,261,"*","CBD2vsMODEL2_cond1_124",4.77512,"Distal Intergenic",10,3069841,3079546,9706,1,"Ulbp3","NM_001033977.2",-6148
"125","NC_000076.7",60628586,60628923,338,"*","CBD2vsMODEL2_cond1_125",3.44212,"Intron (NM_001359273.1/Unc5b, intron 1 of 15)",10,60598373,60667360,68988,2,"Unc5b","NM_001359273.1",38437
"126","NC_000076.7",75158776,75159070,295,"*","CBD2vsMODEL2_cond1_126",5.41559,"Promoter (1-2kb)",10,75160692,75170626,9935,1,"Adora2a","NM_001331096.1",-1622
"127","NC_000076.7",80411209,80411562,354,"*","CBD2vsMODEL2_cond1_127",4.789,"Promoter (1-2kb)",10,80402955,80413130,10176,2,"Klf16","NM_078477.2",1568
"128","NC_000076.7",80492034,80492362,329,"*","CBD2vsMODEL2_cond1_128",6.53985,"Promoter (<=1kb)",10,80478457,80492328,13872,2,"Btbd2","NM_001379084.1",0
"129","NC_000076.7",80973812,80974134,323,"*","CBD2vsMODEL2_cond1_129",7.26095,"Promoter (<=1kb)",10,80973569,80988056,14488,1,"Zbtb7a","NM_001404867.1",243
"130","NC_000076.7",86177551,86177885,335,"*","CBD2vsMODEL2_cond1_130",5.17196,"Intron (NM_011595.2/Timp3, intron 2 of 4)",10,86136845,86165180,28336,1,"LOC118567333","XR_004936376.1",40706
"131","NC_000076.7",127124624,127124916,293,"*","CBD2vsMODEL2_cond1_131",10.836,"Promoter (<=1kb)",10,127117825,127124750,6926,2,"Mbd6","NM_001379570.1",0
"132","NC_000076.7",127871090,127871352,263,"*","CBD2vsMODEL2_cond1_132",4.36396,"Promoter (<=1kb)",10,127871215,127884506,13292,1,"Naca","NM_001113199.1",0
"133","NC_000076.7",128173917,128174253,337,"*","CBD2vsMODEL2_cond1_133",7.10317,"Promoter (<=1kb)",10,128174251,128198348,24098,1,"Cs","XM_030244861.1",0
"134","NC_000077.7",35588529,35588875,347,"*","CBD2vsMODEL2_cond1_134",7.7485,"Intron (NM_011412.3/Slit3, intron 32 of 35)",11,35562621,35567444,4824,2,"Gm46278","XR_003949659.1",-21085
"135","NC_000077.7",51320276,51320813,538,"*","CBD2vsMODEL2_cond1_135",5.58121,"Intron (XM_011248983.4/Col23a1, intron 2 of 13)",11,51180747,51474752,294006,1,"Col23a1","NM_153393.2",139529
"136","NC_000077.7",55288063,55288542,480,"*","CBD2vsMODEL2_cond1_136",6.52832,"Intron (NM_001290817.1/Sparc, intron 8 of 9)",11,55271553,55275128,3576,2,"Gm31842","XR_004937273.1",-12935
"137","NC_000077.7",59599102,59599389,288,"*","CBD2vsMODEL2_cond1_137",5.40622,"Intron (XM_006533428.3/Mprip, intron 3 of 22)",11,59586958,59671681,84724,1,"Mprip","XM_011249055.2",12144
"138","NC_000077.7",59700314,59700577,264,"*","CBD2vsMODEL2_cond1_138",4.62403,"Promoter (<=1kb)",11,59682234,59700427,18194,2,"Flcn","NM_001271357.1",0
"139","NC_000077.7",60867683,60868311,629,"*","CBD2vsMODEL2_cond1_139",13.6608,"Promoter (1-2kb)",11,60869835,60883990,14156,1,"Gm35681","XR_879909.2",-1524
"140","NC_000077.7",78056073,78056352,280,"*","CBD2vsMODEL2_cond1_140",5.14854,"Promoter (<=1kb)",11,78049249,78056376,7128,2,"Traf4","NM_009423.4",24
"141","NC_000077.7",84020230,84020501,272,"*","CBD2vsMODEL2_cond1_141",4.02631,"Promoter (<=1kb)",11,84020461,84292477,272017,1,"Acaca","XM_011248667.2",0
"142","NC_000077.7",90260180,90260755,576,"*","CBD2vsMODEL2_cond1_142",4.77924,"Intron (NM_001403991.1/Hlf, intron 1 of 2)",11,90227361,90279052,51692,2,"Hlf","NM_001403991.1",18297
"143","NC_000077.7",90370135,90370488,354,"*","CBD2vsMODEL2_cond1_143",7.20679,"3' UTR",11,90354209,90363709,9501,2,"Gm34850","XR_880134.2",-6426
"144","NC_000077.7",95603740,95604056,317,"*","CBD2vsMODEL2_cond1_144",7.11533,"Promoter (<=1kb)",11,95590932,95603580,12649,2,"Zfp652os","NR_045780.1",-160
"145","NC_000077.7",106051994,106052325,332,"*","CBD2vsMODEL2_cond1_145",6.40246,"Promoter (<=1kb)",11,106047080,106051555,4476,2,"Limd2","NM_001356458.1",-439
"146","NC_000077.7",108902467,108902950,484,"*","CBD2vsMODEL2_cond1_146",60.0084,"Intron (XR_389100.4/Gm36876, intron 3 of 3)",11,108871565,108925609,54045,1,"Gm36876","XR_389100.4",30902
"147","NC_000077.7",109030476,109030882,407,"*","CBD2vsMODEL2_cond1_147",5.59477,"Exon (NR_037978.1/E030025P04Rik, exon 2 of 3)",11,109030117,109035195,5079,2,"E030025P04Rik","NR_037978.1",4313
"148","NC_000077.7",117423010,117423300,291,"*","CBD2vsMODEL2_cond1_148",9.0164,"Exon (NR_167774.1/Gm11734, exon 5 of 7)",11,117414359,117425248,10890,1,"Gm11734","NR_167773.1",8651
"149","NC_000078.7",8407411,8407744,334,"*","CBD2vsMODEL2_cond1_149",4.58794,"Distal Intergenic",12,8413938,8415974,2037,1,"Gm33134","XR_381235.4",-6194
"150","NC_000078.7",8493946,8494400,455,"*","CBD2vsMODEL2_cond1_150",6.4092,"Distal Intergenic",12,8498960,8501424,2465,1,"Gm51967","XR_003950173.1",-4560
"151","NC_000078.7",76601069,76601410,342,"*","CBD2vsMODEL2_cond1_151",5.25133,"Intron (NM_001403197.1/Plekhg3, intron 1 of 17)",12,76593746,76594699,954,2,"AI463170","NR_046044.1",-6370
"152","NC_000078.7",78397643,78397906,264,"*","CBD2vsMODEL2_cond1_152",17.5446,"Intron (XM_006515899.4/Gphn, intron 2 of 25)",12,78273429,78731546,458118,1,"Gphn","NM_172952.3",124214
"153","NC_000078.7",79708013,79708441,429,"*","CBD2vsMODEL2_cond1_153",6.939,"Intron (XR_004937460.1/Rad51b, intron 9 of 13)",12,79836189,79842695,6507,2,"Gm36048","XR_001780639.2",134254
"154","NC_000078.7",79884816,79885096,281,"*","CBD2vsMODEL2_cond1_154",4.32853,"Intron (XR_004937460.1/Rad51b, intron 13 of 13)",12,79877883,79878641,759,2,"Gm3596","XR_381721.2",-6175
"155","NC_000078.7",80426915,80427184,270,"*","CBD2vsMODEL2_cond1_155",3.81325,"Intron (NM_001364324.1/Dcaf5, intron 5 of 8)",12,80438387,80438451,65,2,"Mir1843a","NR_037207.1",11267
"156","NC_000078.7",84116332,84116614,283,"*","CBD2vsMODEL2_cond1_156",10.0071,"Promoter (<=1kb)",12,84116240,84122798,6559,1,"Acot5","XM_011244075.4",92
"157","NC_000078.7",85579199,85579505,307,"*","CBD2vsMODEL2_cond1_157",5.57538,"Intron (NR_175334.1/Gm32296, intron 3 of 4)",12,85571433,85590269,18837,1,"Gm32296","NR_175334.1",7766
"158","NC_000078.7",85645865,85646295,431,"*","CBD2vsMODEL2_cond1_158",6.57089,"Promoter (<=1kb)",12,85646173,85686652,40480,1,"Jdp2","NM_030887.3",0
"159","NC_000078.7",111874112,111874500,389,"*","CBD2vsMODEL2_cond1_159",44.8883,"Promoter (<=1kb)",12,111794892,111874132,79241,2,"Ppp1r13b","XM_030246683.2",0
"160","NC_000078.7",118265024,118265304,281,"*","CBD2vsMODEL2_cond1_160",9.757,"Promoter (<=1kb)",12,118195421,118265175,69755,2,"Sp4","NM_001166385.2",0
"161","NC_000078.7",119992416,119992750,335,"*","CBD2vsMODEL2_cond1_161",14.4194,"Distal Intergenic",12,119909862,119984977,75116,1,"Tmem196","NM_001379146.1",82554
"162","NC_000079.7",14035280,14035582,303,"*","CBD2vsMODEL2_cond1_162",5.62182,"Distal Intergenic",13,14016846,14019404,2559,1,"Gm7441",NA,18434
"163","NC_000079.7",20656868,20657203,336,"*","CBD2vsMODEL2_cond1_163",11.4198,"Promoter (<=1kb)",13,20657160,20792523,135364,1,"Elmo1","NM_198093.3",0
"164","NC_000079.7",30843949,30844222,274,"*","CBD2vsMODEL2_cond1_164",4.70764,"Promoter (<=1kb)",13,30844042,30895215,51174,1,"Dusp22","NM_001037955.4",0
"165","NC_000079.7",43048546,43048832,287,"*","CBD2vsMODEL2_cond1_165",4.38735,"Intron (XM_011244395.4/Phactr1, intron 3 of 14)",13,43069344,43292000,222657,1,"Phactr1","XM_006516907.5",-20512
"166","NC_000079.7",45023039,45023498,460,"*","CBD2vsMODEL2_cond1_166",21.4822,"Intron (XM_036157864.1/Jarid2, intron 4 of 18)",13,44994297,45074744,80448,1,"Jarid2","XM_006516860.4",28742
"167","NC_000079.7",46118315,46118671,357,"*","CBD2vsMODEL2_cond1_167",4.55474,"Promoter (<=1kb)",13,45703231,46118467,415237,2,"Atxn1","NM_001199304.1",0
"168","NC_000079.7",54897229,54897620,392,"*","CBD2vsMODEL2_cond1_168",8.93266,"Promoter (<=1kb)",13,54884484,54897486,13003,2,"Gprin1","NM_001316710.2",0
"169","NC_000079.7",69147271,69147567,297,"*","CBD2vsMODEL2_cond1_169",3.89426,"Promoter (<=1kb)",13,68768162,69147660,379499,2,"Adcy2","NM_153534.2",93
"170","NC_000079.7",69682401,69682813,413,"*","CBD2vsMODEL2_cond1_170",9.57964,"Promoter (<=1kb)",13,69682434,69683570,1137,1,"A930018O16Rik","XM_011244606.3",0
"171","NC_000079.7",98527874,98528174,301,"*","CBD2vsMODEL2_cond1_171",7.99043,"Distal Intergenic",13,98490753,98493213,2461,1,"Foxd1","NM_008242.2",37121
"172","NC_000079.7",98612270,98612689,420,"*","CBD2vsMODEL2_cond1_172",6.66936,"Distal Intergenic",13,98625867,98626349,483,2,"Gm10320","XM_036158243.1",13660
"173","NC_000079.7",98640873,98641268,396,"*","CBD2vsMODEL2_cond1_173",4.9341,"Distal Intergenic",13,98625867,98626349,483,2,"Gm10320","XM_036158243.1",-14524
"174","NC_000079.7",99311548,99311810,263,"*","CBD2vsMODEL2_cond1_174",6.11716,"Promoter (1-2kb)",13,99305606,99313033,7428,2,"Gm41036","XR_004938240.1",1223
"175","NC_000079.7",107158694,107159011,318,"*","CBD2vsMODEL2_cond1_175",22.0344,"Promoter (<=1kb)",13,107095504,107158863,63360,2,"Kif2a","NM_001374727.1",0
"176","NC_000079.7",110416908,110417203,296,"*","CBD2vsMODEL2_cond1_176",9.33479,"Promoter (<=1kb)",13,110190721,110417259,226539,2,"Rab3c","XM_006517741.4",56
"177","NC_000079.7",111944974,111945604,631,"*","CBD2vsMODEL2_cond1_177",5.14464,"Promoter (<=1kb)",13,111882962,111945527,62566,2,"Map3k1","NM_011945.3",0
"178","NC_000080.7",8456734,8457005,272,"*","CBD2vsMODEL2_cond1_178",11.1669,"Promoter (<=1kb)",14,8358367,8456619,98253,2,"Atxn7","XM_036158598.1",-115
"179","NC_000080.7",21079203,21079474,272,"*","CBD2vsMODEL2_cond1_179",4.79966,"Exon (XM_006518922.3/Vcl, exon 20 of 22)",14,21084758,21102253,17496,2,"Ap3m1","XM_006519293.3",22779
"180","NC_000080.7",33402632,33403118,487,"*","CBD2vsMODEL2_cond1_180",4.91899,"Distal Intergenic",14,33366452,33366558,107,1,"Gm26228","XR_004938759.1",36180
"181","NC_000080.7",46229570,46229884,315,"*","CBD2vsMODEL2_cond1_181",3.66037,"Distal Intergenic",14,46162975,46163723,749,1,"Gm46475",NA,66595
"182","NC_000080.7",79718746,79719024,279,"*","CBD2vsMODEL2_cond1_182",3.46361,"Promoter (<=1kb)",14,79718993,79811082,92090,1,"Elf1","XM_030247642.2",0
"183","NC_000080.7",122926781,122927226,446,"*","CBD2vsMODEL2_cond1_183",10.0535,"Intron (XM_006518432.4/Pcca, intron 14 of 23)",14,122867897,122871450,3554,1,"Gm46487","XM_017316344.1",58884
"184","NC_000080.7",125038972,125039654,683,"*","CBD2vsMODEL2_cond1_184",51.2171,"Distal Intergenic",14,124359329,124915098,555770,2,"Fgf14","XM_006518549.5",-123874
"185","NC_000081.7",7318684,7318964,281,"*","CBD2vsMODEL2_cond1_185",4.04619,"Intron (NM_001289496.2/Egflam, intron 6 of 22)",15,7236129,7333505,97377,2,"Egflam","XM_036159432.1",14541
"186","NC_000081.7",31540518,31540796,279,"*","CBD2vsMODEL2_cond1_186",3.47986,"Distal Intergenic",15,31456045,31531172,75128,2,"Marchf6","NM_172606.3",-9346
"187","NC_000081.7",80043641,80043975,335,"*","CBD2vsMODEL2_cond1_187",3.66437,"Intron (XM_006521259.4/Tab1, intron 10 of 10)",15,80013600,80032460,18861,2,"Gm31253","XR_004939013.1",-11181
"188","NC_000081.7",85608593,85609188,596,"*","CBD2vsMODEL2_cond1_188",6.32177,"Promoter (<=1kb)",15,85608051,85611747,3697,1,"Gm46529","XR_001781735.2",542
"189","NC_000081.7",87508576,87508893,318,"*","CBD2vsMODEL2_cond1_189",7.87415,"Promoter (<=1kb)",15,87509431,87643565,134135,1,"Tafa5","NM_134096.2",-538
"190","NC_000081.7",101032211,101032491,281,"*","CBD2vsMODEL2_cond1_190",5.69932,"5' UTR",15,101026403,101043217,16815,1,"Acvrl1","NM_009612.3",5808
"191","NC_000082.7",10961796,10962166,371,"*","CBD2vsMODEL2_cond1_191",14.9001,"Intron (NM_145931.3/Zc3h7a, intron 19 of 22)",16,10892775,10952541,59767,2,"Txndc11","XM_036159724.1",-9255
"192","NC_000082.7",18523113,18523400,288,"*","CBD2vsMODEL2_cond1_192",6.17836,"Promoter (<=1kb)",16,18524158,18537890,13733,1,"Gm41429","XR_004939308.1",-758
"193","NC_000082.7",18539287,18539579,293,"*","CBD2vsMODEL2_cond1_193",8.13597,"Distal Intergenic",16,18550523,18553070,2548,1,"Gm41428","XR_875943.3",-10944
"194","NC_000082.7",28057038,28057329,292,"*","CBD2vsMODEL2_cond1_194",7.71078,"Promoter (<=1kb)",16,28056910,28065420,8511,1,"Gm52250","XR_003951925.1",128
"195","NC_000082.7",29580648,29581048,401,"*","CBD2vsMODEL2_cond1_195",5.37623,"Distal Intergenic",16,29629835,29686800,56966,1,"Gm32740","XR_004939326.1",-48787
"196","NC_000082.7",30371902,30372167,266,"*","CBD2vsMODEL2_cond1_196",4.98409,"Promoter (2-3kb)",16,30337157,30369643,32487,2,"Tmem44","XM_036159893.1",-2259
"197","NC_000082.7",30587835,30588351,517,"*","CBD2vsMODEL2_cond1_197",5.93199,"Distal Intergenic",16,30608169,30612073,3905,2,"Gm49754","XR_004939334.1",23722
"198","NC_000082.7",33201443,33201833,391,"*","CBD2vsMODEL2_cond1_198",9.83167,"Promoter (<=1kb)",16,33201478,33322414,120937,1,"Zfp148","XM_036159911.1",0
"199","NC_000082.7",33711586,33712169,584,"*","CBD2vsMODEL2_cond1_199",5.05288,"Promoter (<=1kb)",16,33712341,33769708,57368,1,"Itgb5","NM_001405063.1",-172
"200","NC_000082.7",57211478,57212062,585,"*","CBD2vsMODEL2_cond1_200",58.9792,"Intron (NM_001040397.4/Filip1l, intron 1 of 4)",16,57173640,57393167,219528,1,"Filip1l","NM_001040397.4",37838
"201","NC_000082.7",67417519,67417792,274,"*","CBD2vsMODEL2_cond1_201",8.13718,"Promoter (<=1kb)",16,66452302,67417796,965495,2,"Cadm2","NM_001347247.1",4
"202","NC_000082.7",97652529,97653042,514,"*","CBD2vsMODEL2_cond1_202",7.9238,"Promoter (<=1kb)",16,97592720,97653035,60316,2,"Prdm15","NM_001359077.2",0
"203","NC_000082.7",97908698,97908961,264,"*","CBD2vsMODEL2_cond1_203",20.3829,"Distal Intergenic",16,97863712,97883639,19928,2,"A630089N07Rik","NR_015491.1",-25059
"204","NC_000083.7",3647267,3647649,383,"*","CBD2vsMODEL2_cond1_204",5.92993,"Distal Intergenic",17,3613278,3627600,14323,1,"Gm34155","XR_876341.1",33989
"205","NC_000083.7",29020090,29020449,360,"*","CBD2vsMODEL2_cond1_205",7.40314,"Promoter (<=1kb)",17,29020100,29036599,16500,1,"Brpf3","XM_006524334.4",0
"206","NC_000083.7",29456781,29457471,691,"*","CBD2vsMODEL2_cond1_206",5.17357,"Promoter (<=1kb)",17,29375495,29456764,81270,2,"Cpne5","NM_153166.2",-17
"207","NC_000083.7",31783927,31784353,427,"*","CBD2vsMODEL2_cond1_207",7.38942,"Promoter (<=1kb)",17,31783739,31826659,42921,1,"Pknox1","NM_016670.4",188
"208","NC_000083.7",32074469,32074762,294,"*","CBD2vsMODEL2_cond1_208",4.84277,"Promoter (<=1kb)",17,32063222,32074778,11557,2,"Sik1","NM_010831.3",16
"209","NC_000083.7",32131704,32132030,327,"*","CBD2vsMODEL2_cond1_209",4.67607,"Promoter (<=1kb)",17,32131541,32132777,1237,1,"Gm30571","XR_385538.4",163
"210","NC_000083.7",34783609,34783906,298,"*","CBD2vsMODEL2_cond1_210",5.6301,"Promoter (<=1kb)",17,34783269,34807517,24249,1,"Notch4","NM_010929.2",340
"211","NC_000083.7",40153924,40159689,5766,"*","CBD2vsMODEL2_cond1_211",81.8304,"Promoter (<=1kb)",17,40153888,40159679,5792,1,"Gm26917","NR_170994.1",36
"212","NC_000083.7",56525594,56525980,387,"*","CBD2vsMODEL2_cond1_212",4.42434,"Promoter (<=1kb)",17,56493674,56525699,32026,2,"Dpp9","XM_006524155.5",0
"213","NC_000083.7",74601844,74602485,642,"*","CBD2vsMODEL2_cond1_213",5.71476,"Promoter (<=1kb)",17,74507695,74601858,94164,2,"Memo1","NM_133771.2",0
"214","NC_000083.7",84181004,84181499,496,"*","CBD2vsMODEL2_cond1_214",8.01852,"Promoter (<=1kb)",17,84171043,84181656,10614,2,"Gm35125","XR_004939612.1",157
"215","NC_000083.7",84355928,84356306,379,"*","CBD2vsMODEL2_cond1_215",4.89007,"Intron (XR_385838.4/Gm35551, intron 1 of 5)",17,84327214,84352014,24801,2,"Gm35551","XR_877048.2",-3914
"216","NC_000083.7",88372304,88372599,296,"*","CBD2vsMODEL2_cond1_216",6.18626,"Promoter (<=1kb)",17,88298287,88372315,74029,2,"Fbxo11","NM_001379305.1",0
"217","NC_000084.7",4514027,4514661,635,"*","CBD2vsMODEL2_cond1_217",6.74199,"Distal Intergenic",18,4541612,4553578,11967,2,"Gm41658","XR_877155.1",38917
"218","NC_000084.7",58011321,58011833,513,"*","CBD2vsMODEL2_cond1_218",6.29436,"Promoter (<=1kb)",18,58011505,58079893,68389,1,"Slc12a2","XM_006525732.4",0
"219","NC_000084.7",60704898,60705167,270,"*","CBD2vsMODEL2_cond1_219",6.827,"3' UTR",18,60693858,60705801,11944,1,"Rbm22","NM_025776.2",11040
"220","NC_000084.7",75575052,75575460,409,"*","CBD2vsMODEL2_cond1_220",6.88325,"Intron (XM_036161162.1/Ctif, intron 10 of 11)",18,75598000,75625592,27593,1,"Gm52357","XR_003952654.2",-22540
"221","NC_000084.7",77153145,77153498,354,"*","CBD2vsMODEL2_cond1_221",7.07651,"Promoter (<=1kb)",18,77153154,77241220,88067,1,"Pias2","XM_036161023.1",0
"222","NC_000084.7",77404380,77404807,428,"*","CBD2vsMODEL2_cond1_222",5.31913,"Intron (NM_001414399.1/Loxhd1, intron 4 of 40)",18,77369354,77530628,161275,1,"Loxhd1","NM_172834.3",35026
"223","NC_000084.7",90620328,90620748,421,"*","CBD2vsMODEL2_cond1_223",22.12,"Distal Intergenic",18,90597949,90611848,13900,1,"Gm45871","NM_001362365.1",22379
"224","NC_000085.7",3731463,3731741,279,"*","CBD2vsMODEL2_cond1_224",5.91828,"Intron (NM_008513.3/Lrp5, intron 1 of 22)",19,3634825,3736564,101740,2,"Lrp5","NM_008513.3",4823
"225","NC_000085.7",5051461,5051763,303,"*","CBD2vsMODEL2_cond1_225",3.85051,"Promoter (<=1kb)",19,5034381,5051921,17541,2,"Npas4","XM_030250872.2",158
"226","NC_000085.7",29228799,29229463,665,"*","CBD2vsMODEL2_cond1_226",12.778,"Promoter (<=1kb)",19,29229006,29271272,42267,1,"Jak2","XM_006526715.5",0
"227","NC_000085.7",53040408,53040782,375,"*","CBD2vsMODEL2_cond1_227",4.27666,"Intron (XR_386779.2/Gm30234, intron 2 of 2)",19,53039147,53053120,13974,2,"Gm30234","XR_386779.2",12338
"228","NC_000085.7",53267321,53267618,298,"*","CBD2vsMODEL2_cond1_228",5.89666,"Distal Intergenic",19,53254034,53255295,1262,1,"Gm36339",NA,13287
"229","NC_000086.8",10315853,10316118,266,"*","CBD2vsMODEL2_cond1_229",7.18077,"Exon (XR_004940439.1/Gm54081, exon 4 of 4)",20,10314996,10325848,10853,2,"Gm54081","XR_004940439.1",9730
"230","NC_000086.8",10858992,10859393,402,"*","CBD2vsMODEL2_cond1_230",4.68726,"Promoter (<=1kb)",20,10855382,10858196,2815,2,"Gm39494","XR_878055.1",-796
"231","NC_000086.8",53912342,53912926,585,"*","CBD2vsMODEL2_cond1_231",21.2112,"Distal Intergenic",20,53812839,53829755,16917,1,"Gm14590","NM_001359710.1",99503
"232","NC_000086.8",169203479,169203794,316,"*","CBD2vsMODEL2_cond1_232",9.53948,"Distal Intergenic",20,169106379,169111787,5409,1,"Asmt","NM_001308488.2",97100
"233","NC_000087.8",90752306,90753186,881,"*","CBD2vsMODEL2_cond1_233",7.66079,"Promoter (<=1kb)",21,90753998,90756352,2355,1,"Gm52481","XM_030251621.1",-812
"234","NC_000087.8",90753674,90755776,2103,"*","CBD2vsMODEL2_cond1_234",9.91551,"Promoter (<=1kb)",21,90753998,90756352,2355,1,"Gm52481","XM_030251621.1",0
"235","NC_000087.8",90818166,90818431,266,"*","CBD2vsMODEL2_cond1_235",4.92406,"Exon (XR_001782921.2/Gm33272, exon 3 of 3)",21,90814282,90820875,6594,1,"Gm33272","XR_004940601.1",3884
"236","NC_005089.1",2373,2750,378,"*","CBD2vsMODEL2_cond1_236",27.6684,"Promoter (<=1kb)",22,2676,2750,75,1,"TrnL1",NA,0
"237","NC_005089.1",3152,3489,338,"*","CBD2vsMODEL2_cond1_237",45.8643,"Promoter (<=1kb)",22,3706,3774,69,1,"TrnI",NA,-217
"238","NC_005089.1",5850,6722,873,"*","CBD2vsMODEL2_cond1_238",48.1288,"Promoter (<=1kb)",22,6870,6938,69,2,"TrnS1",NA,216
"239","NW_023337853.1",10,1246,1237,"*","CBD2vsMODEL2_cond1_239",32.7336,"Distal Intergenic",45,12961,27820,14860,2,"LOC118568479","XR_004940613.1",26574
"240","NW_023337853.1",30475,31126,652,"*","CBD2vsMODEL2_cond1_240",15.5229,"Promoter (2-3kb)",45,12961,27820,14860,2,"LOC118568479","XR_004940613.1",-2655
