ID,SMILES
BRD-A00147595,Cn1c(COc2ccc(CC3SC(=O)NC3=O)cc2)nc2ccccc2c1=O
BRD-A00218260,Fc1ccc(cc1)C(c1ccccc1)(c1ccccc1F)n1ccnc1
BRD-A00376169,OC1O[C@@H]2COC(O[C@H]2[C@H](O)[C@H]1O)c1ccccc1
BRD-A00546892,OC(CCN1CCCCC1)(C1CC2CC1C=C2)c1ccccc1
BRD-A00938334,C[C@]12CCC3C([C@H]4C[C@H]4C4=CC(=O)CC[C@]34C)C1[C@@H]1C[C@@H]1[C@@]21CCC(=O)O1
BRD-A01636364,CCCCN1CCCCC1C(=O)Nc1c(C)cccc1C
BRD-A01645196,CC(=CC[C@@H](C[C@]12C[C@H](C([C@](C1=O)(C(=O)C(=C(C3=CC(=C(C=C3)O)O)O)C2=O)CC=C(C)C)(C)C)C=C(C)C)C(=C)C)C
BRD-A01787639,COc1ccccc1N1CCN(CC(O)COc2cccc3ccccc23)CC1
BRD-A02006392,CCOC(=O)C1=C(C)NC(C)=C(C1c1cccc(c1)[N+]([O-])=O)C(=O)OC
BRD-A02367930,C[C@]12CCC3C(CCc4cc(O)ccc34)C1CC[C@@]2(O)C#C
BRD-A02710418,CCC1(CCCCN(C)C1)c1cccc(O)c1
BRD-A02990301,CC(Oc1c(Cl)cccc1Cl)C1=NCCN1
BRD-A03061970,COc1cc2[nH]nnc2cc1C(=O)NCC1CCCN1CC=C
BRD-A03216249,CN1CCCCC1C(=O)Nc1c(C)cccc1C
BRD-A03249105,C[C@]12CC[C@H]3C([C@@H]1CC[C@@H]2O)[C@H](CCCCCCCCCS(=O)CCCC(F)(F)C(F)(F)F)Cc1cc(O)ccc31
BRD-A03506276,CC[C@@H](C)Nc1cc(C(=O)NC2CC3CCC(C2)N3c2ccc(cn2)C(=O)C2CC2)c(C)cc1C(N)=O
BRD-A03623303,COCCc1ccc(OCC(O)CNC(C)C)cc1
BRD-A04352665,CC(C)c1nnc(C)n1C1CC2CCC(C1)N2CC[C@H](NC(=O)C1CCC(F)(F)CC1)c1ccccc1
BRD-A04553218,CN(C)CCC(c1ccc(Cl)cc1)c1ccccn1
BRD-A05186015,CC(NC(C)(C)C)C(=O)c1cccc(Cl)c1
BRD-A05334458,CC(O)CCCCn1c(=O)n(C)c2ncn(C)c2c1=O
BRD-A05457250,COC(=O)C1=C(C)NC(C)=C(C1c1ccccc1C(F)(F)F)[N+]([O-])=O
BRD-A05523972,CCOC(=O)N1CSCC1C(O)=O
BRD-A05821830,CC(=O)O[C@@]12CO[C@@H]1C[C@H](O)[C@]1(C)C2[C@H](OC(=O)c2ccccc2)[C@]2(O)C[C@H](OC(=O)[C@H](O)[C@@H](NC(=O)OC(C)(C)C)c3ccccc3)C(C)=C([C@@H](O)C1=O)C2(C)C
BRD-A06916187,OC(=O)CCCCC(CCSCc1ccccc1)SCc1ccccc1
BRD-A06935312,C[C@@H]1[C@H](O)CC[C@@]2(C)[C@H]1CC[C@@]1(C)C2[C@H](O)C[C@@H]2[C@]1(C)C[C@H](OC(C)=O)\C2=C(/CCC=C(C)C)C(O)=O
BRD-A07395371,COC(=O)CCc1ccc(OCC(O)CNC(C)C)cc1
BRD-A07440155,CC(CCc1ccccc1)NCC(O)c1ccc(O)c(c1)C(N)=O
BRD-A07563059,Cc1cc2c(OCC(CNC(C)(C)C)OC(=O)c3ccccc3)cccc2[nH]1
BRD-A07704283,CC(C)c1ccc2Sc3cc(F)ccc3CC(N3CCN(CCO)CC3)c2c1
BRD-A07986123,C[C@]12CCC3C(CC=C4C[C@@H](O)CC[C@]34C)C1CC=C2n1cnc2ccccc12
BRD-A08187463,CC(=O)SCC(Cc1ccccc1)C(=O)NCC(=O)OCc1ccccc1
BRD-A08545410,C[C@@H]1[C@H]2[C@H](O)[C@H]3[C@H](N(C)C)C(=O)C(C(N)=O)C(=O)[C@@]3(O)C(=O)C2C(=O)c2c(O)cccc12
BRD-A09349126,CC(=O)O[C@]1(CCC2C3CCC4=CC(=O)CC[C@@H]4C3CC[C@@]21C)C#C
BRD-A09472452,FC(F)(F)COc1ccc(OCC(F)(F)F)c(c1)C(=O)NCC1CCCCN1
BRD-A09533288,COc1ccc(CCN(C)CCCC(C#N)(C(C)C)c2ccc(OC)c(OC)c2)cc1OC
BRD-A10012892,C[C@@H]1CCN([C@@H](C1)C(O)=O)C(=O)[C@H](CCCNC(N)=N)NS(=O)(=O)c1cccc2CC(C)CNc12
BRD-A10039652,CCC[C@@]1(CCc2ccccc2)CC(=O)C([C@H](CC)c2cccc(NS(=O)(=O)c3ccc(cn3)C(F)(F)F)c2)C(=O)O1
BRD-A10070317,CC(C)NCC(O)COc1cccc2ccccc12
BRD-A10523515,CC1=C(C(CC(=O)N1)c1ccc(cc1)C(F)(F)F)C(=O)Nc1cc2cn[nH]c2cc1F
BRD-A10903566,CCn1ccnc1CC1COc2ccccc2O1
BRD-A10967948,CN1C2CCCC1CC(C2)NC(=O)c1nn(C)c2ccccc12
BRD-A10977446,COc1ccccc1OCCNCC(O)COc1cccc2[nH]c3ccccc3c12
BRD-A11319535,CCC(=O)OCC(=O)C1(OC(=O)CC)C(C)CC2C3CCC4=CC(=O)C=CC4(C)C3(Cl)C(O)CC12C
BRD-A11990600,OC1N=C(c2ccccc2Cl)c2cc(Cl)ccc2NC1=O
BRD-A12237696,NC(CCCNC(N)=O)C(O)=O
BRD-A12896037,COC1CN(CCCOc2ccc(F)cc2)CCC1NC(=O)c1cc(Cl)c(N)cc1OC
BRD-A12994259,Nc1cccc2C(=O)N(C3CCC(=O)NC3=O)C(=O)c12
BRD-A13021932,CC1=C(C=C(C(=C1)OC)C(=O)N2CCN(CC2)C(=O)C)SC3=CN=C(S3)NC(=O)C4=CC=C(C=C4)CNC(C)C(C)(C)C
BRD-A13084692,Cc1c(C)c2OC(C)(COc3ccc(CC4SC(=O)NC4=O)cc3)CCc2c(C)c1O
BRD-A13133631,C[C@H]1CC2C3CC[C@](O)(C(C)=O)[C@@]3(C)C[C@H](O)[C@]2(F)C2(C)C=CC(=O)C=C12
BRD-A13188892,COc1cc2nc(nc(N)c2cc1OC)N1CCN(CC1)C(=O)C1COc2ccccc2O1
BRD-A14262390,NC(=N)NCC1COC2(CCCCC2)O1
BRD-A14798026,COc1ccc2C3CC[C@@]4(C)C(CC[C@@]4(O)C#C)C3CCc2c1
BRD-A14886633,CC[C@]12CCC3[C@@H](CCC4=CC(=O)CC[C@H]34)[C@@H]1CC[C@@]2(O)C#C
BRD-A14941520,OC(COc1cccc2ncccc12)CN1CCN(CC1)C(=O)C(c1ccccc1)c1ccccc1
BRD-A14966924,CC(N)C(=O)OC(C)(C)Cc1ccc(Cl)cc1
BRD-A15202882,CCN(CC)C(=O)C1(CC1CN)c1ccccc1
BRD-A15297126,CC(=O)OCC(=O)[C@@]12OC(C)(C)O[C@@H]1CC1C3C[C@H](F)C4=CC(=O)C=C[C@]4(C)[C@@]3(F)[C@@H](O)C[C@]21C
BRD-A15435692,OC(CCCN1CCN(CC1)c1ncc(F)cn1)c1ccc(F)cc1
BRD-A15909516,OC(=O)C(Cc1cc(=O)[nH]c2ccccc12)NC(=O)c1ccc(Cl)cc1
BRD-A15931911,CCCC(=O)Nc1ncnc2n(cnc12)C1O[C@@H]2COP(O)(=O)O[C@H]2[C@H]1OC(=O)CCC
BRD-A16296925,CCC(C(O)=O)c1ccc(cc1)N1Cc2ccccc2C1=O
BRD-A16347691,OC(=O)CCCCC1CCSS1
BRD-A19500257,COC1CC(C)CC2=C(OC)C(=O)C=C(NC(=O)\C(C)=C\C=C\C(OC)C(OC(N)=O)\C(C)=C\C(C)C1O)C2=O
BRD-A39996500,CC1CC2OC2\C=C\C=C\C(=O)Cc2c(Cl)c(O)cc(O)c2C(=O)O1
BRD-A58280226,CC(N)C1CCC(CC1)C(=O)Nc2ccncc2
BRD-A61304759,COC1CC(C)CC2=C(NCC=C)C(=O)C=C(NC(=O)\C(C)=C\C=C\C(OC)C(OC(N)=O)\C(C)=C\C(C)C1O)C2=O
BRD-A79768653,COC1CC(CC(C)C2CC(=O)C(C)\C=C(C)\C(O)C(OC)C(=O)C(C)CC(C)\C=C\C=C\C=C(C)\C(CC3CCC(C)C(O)(O3)C(=O)C(=O)N3CCCCC3C(=O)O2)OC)CCC1O
BRD-K02113016,Fc1ccc(Cc2n[nH]c(=O)c3ccccc23)cc1C(=O)N1CCN(CC1)C(=O)C1CC1
BRD-K02123250,Cn1cc(cn1)-c1ccc2nnc(n2n1)C(F)(F)c1ccc2ncccc2c1
BRD-K02708799,O=C1NC(=O)\C(S1)=C/c1ccc2nccc(-c3ccncc3)c2c1
BRD-K03449891,COc1cc2c(Oc3ccc(NC(=O)C4(CC4)C(=O)Nc4ccc(F)cc4)cc3F)ccnc2cc1OCCCN1CCOCC1
BRD-K04887706,O=c1[nH]c2ccccc2n1C3CCN(Cc4ccc(cc4)c5nc6cc7[nH]cnc7cc6nc5c8ccccc8)CC3
BRD-K05104363,Fc1ccc(C(=O)NOCC2CC2)c(Nc2ccc(I)cc2Cl)c1F
BRD-K05804044,Cc1ccc(NC(=O)c2cccc(c2)C(C)(C)C#N)cc1Nc1ccc2ncn(C)c(=O)c2c1
BRD-K07691486,CC[C@H](CO)Nc1nc(NCc2ccccc2)c2ncn(C(C)C)c2n1
BRD-K08109215,CCNC(=O)C[C@@H]1N=C(c2ccc(Cl)cc2)c2cc(OC)ccc2-n2c(C)nnc12
BRD-K08799216,CCOc1cc2ncc(C#N)c(Nc3ccc(F)c(Cl)c3)c2cc1NC(=O)\C=C\CN(C)C
BRD-K09132007,NC(=O)c1ccc(cc1)-c1nc(c([nH]1)-c1ccccn1)-c1ccc2OCCOc2c1
BRD-K09951645,CC(C)(C)c1nc(c(s1)-c1ccnc(N)n1)-c1cccc(NS(=O)(=O)c2c(F)cccc2F)c1F
BRD-K11153516,NC(=O)c1ccc(I)c(c1)[N+]([O-])=O
BRD-K11267252,CCc1cc2C(=O)c3c([nH]c4cc(ccc34)C#N)C(C)(C)c2cc1N1CCC(CC1)N1CCOCC1
BRD-K12184916,Cn1c2cnc3ccc(cc3c2n(-c2ccc(cc2)C(C)(C)C#N)c1=O)-c1cnc2ccccc2c1
BRD-K12787259,CN1CCCN(CC1)c1ccc2c(n1)n1c3ccccc3sc1c(C(=O)NCc1cnc(C)cn1)c2=O
BRD-K13390322,Clc1cccc(Cl)c1C(=O)Nc1c[nH]nc1C(=O)NC1CCNCC1
BRD-K13662825,CCc1cnn2c(NCc3ccc[n+]([O-])c3)cc(nc12)N1CCCC[C@H]1CCO
BRD-K16730910,CNC(=O)c1cc(Oc2ccc(NC(=O)Nc3ccc(Cl)c(c3)C(F)(F)F)c(F)c2)ccn1
BRD-K16761703,CN1CCN(CC1)c1nc(C2=C(C(=O)NC2=O)c2c[nH]c3ccccc23)c2ccccc2n1
BRD-K17743125,ONC(=O)\C=C\c1cccc(c1)S(=O)(=O)Nc1ccccc1
BRD-K19477839,Cn1cc(cn1)-c1ccc2nnc(Sc3ccc4ncccc4c3)n2n1
BRD-K19540840,CN1CCN(CCOc2cc(OC3CCOCC3)c3c(Nc4c5OCOc5ccc4Cl)ncnc3c2)CC1
BRD-K19687926,CS(=O)(=O)CCNCc1ccc(o1)-c1ccc2ncnc(Nc3ccc(OCc4cccc(F)c4)c(Cl)c3)c2c1
BRD-K20285085,COc1cc(Nc2ncc(F)c(Nc3ccc4OC(C)(C)C(=O)Nc4n3)n2)cc(OC)c1OC
BRD-K21680192,OCCNCCNc1ccc(NCCNCCO)c2C(=O)c3c(O)ccc(O)c3C(=O)c12
BRD-K21718444,O=C(N1CCNCC1)c1ccc(cc1)\C=C\c1n[nH]c2ccccc12
BRD-K23984367,CNC(=O)c1cc(Oc2ccc(NC(=O)Nc3ccc(Cl)c(c3)C(F)(F)F)cc2)ccn1
BRD-K25311561,O=c1cc(oc(c1)-c1cccc2Sc3ccccc3Sc12)N1CCOCC1
BRD-K26818574,COc1cc2nc(nc(NC3CCN(Cc4ccccc4)CC3)c2cc1OC)N1CCCN(C)CC1
BRD-K28392481,COc1cc(CCc2cc(NC(=O)c3ccc(cc3)N3C[C@H](C)N[C@H](C)C3)n[nH]2)cc(OC)c1
BRD-K33379087,O=C1NC(=O)[C@H]([C@@H]1c1c[nH]c2ccccc12)c1cn2CCCc3cccc1c23
BRD-K36740062,CCn1cc(c(n1)-c1ccc(NC(=O)N(C)C)cc1)-c1ccnc2[nH]c(cc12)-c1cccc(CN(C)C)c1
BRD-K37687095,Cc1cc(C(=O)NOCCO)c(Nc2ccc(I)cc2F)n(C)c1=O
BRD-K37764012,CN(C)C[C@@H](NC(=O)N1Cc2c(Nc3nc(C)nc4ccsc34)n[nH]c2C1(C)C)c1ccccc1
BRD-K40175214,CCC(=O)N1CCN(CC1)c1ccc(cc1C(F)(F)F)-n1c2c(ccc1=O)cnc1ccc(cc21)-c1cnc2ccccc2c1
BRD-K40738845,CCOc1ccn(-c2ccc(F)cc2)c(=O)c1C(=O)Nc1ccc(Oc2ccnc(N)c2Cl)c(F)c1
BRD-K41895714,O=C1NC(=O)\C(S1)=C/c1ccc2nccnc2c1
BRD-K42191735,Nc1cc(c(cn1)-c1cc(nc(n1)N1CCOCC1)N1CCOCC1)C(F)(F)F
BRD-K42805893,COc1cc(N(C)CCN(C)C)c(NC(=O)C=C)cc1Nc1nccc(n1)-c1cn(C)c2ccccc12
BRD-K45746021,C(CN1CCCCC1)Oc1cccc(c1)-c1n[nH]c2ccc(cc12)-c1ncn[nH]1
BRD-K49075727,COC(=O)c1ccc2c(NC(=O)\C2=C(/Nc2ccc(cc2)N(C)C(=O)CN2CCN(C)CC2)c2ccccc2)c1
BRD-K49328571,Cc1nc(Nc2ncc(s2)C(=O)Nc2c(C)cccc2Cl)cc(n1)N1CCN(CCO)CC1
BRD-K49865102,OC[C@@H](O)CONC(=O)c1ccc(F)c(F)c1Nc1ccc(I)cc1F
BRD-K50168500,Fc1ccc(Nc2ncnc3cc(OCCCN4CCOCC4)c(NC(=O)C=C)cc23)cc1Cl
BRD-K51313569,CC(=O)c1c(C)c2cnc(Nc3ccc(cn3)N3CCNCC3)nc2n(C2CCCC2)c1=O
BRD-K51544265,COc1cc2nccc(Oc3ccc(NC(=O)C4(CC4)C(=O)Nc4ccc(F)cc4)cc3)c2cc1OC
BRD-K52560704,COC(=O)C=CC(=O)N(CCCCNCC1=CC=C(C=C1)COC(=O)NC2=CC=CC3=CC=CC=C32)O
BRD-K52751261,CCc1nc(c(s1)-c1ccnc(NC(=O)c2ccccc2)c1)-c1cccc(C)c1
BRD-K52911425,CS(=O)(=O)N1CCN(Cc2cc3nc(nc(N4CCOCC4)c3s2)-c2cccc3[nH]ncc23)CC1
BRD-K53414658,COc1cc2nccc(Oc3ccc(NC(=O)Nc4cc(C)on4)c(Cl)c3)c2cc1OC
BRD-K53417444,CN(C)C[C@H]1CC[C@@H](CC1)Nc1c(cnc2ccc(nc12)-c1cc(Cl)c(O)c(Cl)c1)C(C)=O
BRD-K54256913,CN1CCN(CC1)c1ccc(Nc2ncc3c(n2)n(-c2cccc(n2)C(C)(C)O)n(CC=C)c3=O)cc1
BRD-K56301217,CN(C)CC[C@H](CSc1ccccc1)Nc1ccc(cc1[N+]([O-])=O)S(=O)(=O)NC(=O)c1ccc(cc1)N1CCN(Cc2ccccc2-c2ccc(Cl)cc2)CC1
BRD-K56343971,CCCS(=O)(=O)Nc1ccc(F)c(C(=O)c2c[nH]c3ncc(cc23)-c2ccc(Cl)cc2)c1F
BRD-K56751279,C[C@@H](N)c1ccc(cc1)C(=O)Nc1ccnc2[nH]ccc12
BRD-K57080016,Cn1cnc2c(F)c(Nc3ccc(Br)cc3Cl)c(cc12)C(=O)NOCCO
BRD-K57169635,COc1cc2ncnc(Nc3ccc(F)c(Cl)c3)c2cc1NC(=O)\C=C\CN1CCCCC1
BRD-K59317601,CC(C)n1nc(-c2ccc3oc(N)nc3c2)c2c(N)ncnc12
BRD-K59369769,CN1CCN(CC1)c1cc(Nc2cc(C)[nH]n2)nc(Sc2ccc(NC(=O)C3CC3)cc2)n1
BRD-K60866521,CC[C@H](Nc1ncnc2[nH]cnc12)c1nc2cccc(F)c2c(=O)n1-c1ccccc1
BRD-K64052750,COc1cc2ncnc(Nc3ccc(F)c(Cl)c3)c2cc1OCCCN1CCOCC1
BRD-K64800655,CC(C)CC(=O)Nc1n[nH]c2c1CN(C(=O)C1CCN(C)CC1)C2(C)C
BRD-K64890080,CC[C@H]1N(C2CCCC2)c2nc(Nc3ccc(cc3OC)C(=O)NC3CCN(C)CC3)ncc2N(C)C1=O
BRD-K66538826,S=C(NCc1ccc2OCOc2c1)N1CCN(CC1)c1ncnc2c3ccccc3oc12
BRD-K67868012,Oc1cccc(c1)-c1nc(N2CCOCC2)c2oc3ncccc3c2n1
BRD-K68065987,NC1(CCC1)c1ccc(cc1)-c1nc2ccn3c(n[nH]c3=O)c2cc1-c1ccccc1
BRD-K70401845,COCCOc1cc2ncnc(Nc3cccc(c3)C#C)c2cc1OCCOC
BRD-K70511574,COc1ccc(cc1)S(=O)(=O)N(C(C)=O)c1ccccc1\C=C\c1cc[n+]([O-])cc1
BRD-K71035033,CN1CCN(Cc2ccc(cc2)C(=O)Nc2ccc(C)c(Nc3nc(cs3)-c3cccnc3)c2)CC1
BRD-K72414522,CC(C)n1c(C)ncc1-c1ccnc(Nc2ccc(cc2)S(C)(=O)=O)n1
BRD-K73319509,OCCn1cc(cn1)-c1cnc2nnn(Cc3ccc4ncccc4c3)c2n1
BRD-K74065929,Cc1ccc(cc1)-n1nc(cc1NC(=O)Nc1ccc(OCCN2CCOCC2)c2ccccc12)C(C)(C)C
BRD-K74514084,CN(c1ccc2c(C)n(C)nc2c1)c1ccnc(Nc2ccc(C)c(c2)S(N)(=O)=O)n1
BRD-K76908866,COCC(=O)NC\C=C\c1ccc2ncnc(Nc3ccc(Oc4ccc(C)nc4)c(C)c3)c2c1
BRD-K76964878,NC(=O)[C@H]1CCCc2c1[nH]c1ccc(Cl)cc21
BRD-K77625799,COc1cc2c(Nc3ccc(Br)cc3F)ncnc2cc1OCC1CCN(C)CC1
BRD-K77908580,Nc1ccccc1NC(=O)c1ccc(CNC(=O)OCc2cccnc2)cc1
BRD-K78431006,C[C@@H](Oc1cc(cnc1N)-c1cnn(c1)C1CCNCC1)c1c(Cl)ccc(F)c1Cl
BRD-K79090631,OCCCNc1cc(ccn1)c2ccnc(Nc3cccc(Cl)c3)n2
BRD-K79254416,Nc1ncn([C@H]2C[C@H](O)[C@@H](CO)O2)c(=O)n1
BRD-K79404599,Cn1cc(C2=C(C(=O)NC2=O)c2cn(C3CCN(Cc4ccccn4)CC3)c3ccccc23)c2ccccc12
BRD-K80700417,CN1CCC(CNc2ccc3ncc(-c4cccc(OC(F)(F)F)c4)n3n2)CC1
BRD-K80738081,Oc1ccc(cc1)\C=C\c1cc(O)cc(O)c1
BRD-K81418486,ONC(=O)CCCCCCC(=O)Nc1ccccc1
BRD-K81528515,Cc1cn(cn1)-c1cc(NC(=O)c2ccc(C)c(Nc3nccc(n3)-c3cccnc3)c2)cc(c1)C(F)(F)F
BRD-K82928847,ONC(=O)CCCCCCNC(=O)c1cnc(nc1)N(c1ccccc1)c1ccccc1
BRD-K83963101,OC(=O)c1ccc(Nc2ncc3CN=C(c4cc(Cl)ccc4-c3n2)c2c(F)cccc2F)cc1
BRD-K85606544,CCOc1cc2ncc(C#N)c(Nc3ccc(OCc4ccccn4)c(Cl)c3)c2cc1NC(=O)\C=C\CN(C)C
BRD-K86797399,CCCCc1nc2cc(ccc2n1CCN(CC)CC)\C=C\C(=O)NO
BRD-K87142802,C[C@@]1(CCCN1)c1nc2c(cccc2[nH]1)C(N)=O
BRD-K87737963,O=C(NCC#N)c1ccc(cc1)-c1ccnc(Nc2ccc(cc2)N2CCOCC2)n1
BRD-K87909389,CN1CC[C@@H]([C@H](O)C1)c1c(O)cc(O)c2c1oc(cc2=O)-c1ccccc1Cl
BRD-K92428232,C[C@@H](Oc1cc(sc1C(N)=O)-n1cnc2ccc(CN3CCN(C)CC3)cc12)c1ccccc1C(F)(F)F
BRD-K92723993,CN1CCN(Cc2ccc(cc2)C(=O)Nc2ccc(C)c(Nc3nccc(n3)-c3cccnc3)c2)CC1
BRD-K93123848,Cn1c(Nc2ccc(cc2)C(F)(F)F)nc2cc(Oc3ccnc(c3)-c3ncc([nH]3)C(F)(F)F)ccc12
BRD-K93918653,CC(C)(C)c1cc(NC(=O)Nc2ccc(cc2)-c2cn3c(n2)sc2cc(OCCN4CCOCC4)ccc32)no1
BRD-K99545815,CN(c1ncccc1CNc1nc(Nc2ccc3NC(=O)Cc3c2)ncc1C(F)(F)F)S(C)(=O)=O
BRD-K99749624,Cc1ccc(F)c(NC(=O)Nc2ccc(cc2)-c2cccc3[nH]nc(N)c23)c1
BRD-K99964838,COc1cc(Nc2c(cnc3cc(OCCCN4CCN(C)CC4)c(OC)cc23)C#N)c(Cl)cc1Cl
BRD-A12077521,CO\N=C(\C(=O)NC1C2SCC(C[N+]3(C)CCCC3)=C(N2C1=O)C(O)=O)c1csc(N)n1
BRD-A12230535,COc1ccc(C2=NC(C(N2C(=O)N2CCNC(=O)C2)c2ccc(Cl)cc2)c2ccc(Cl)cc2)c(OC(C)C)c1
BRD-A16665823,Clc1ccc(CCC(Cn2ccnc2)Sc2c(Cl)cccc2Cl)cc1
BRD-A16997652,NC(=O)C1CCCN1C(=O)C(Cc1c[nH]cn1)NC(=O)C1CCC(=O)N1
BRD-A17411484,CC(C(O)=O)c1ccc2c(c1)[nH]c1ccc(Cl)cc21
BRD-A17462676,CN(C)C(=O)Oc1cc(OC(=O)N(C)C)cc(c1)C(O)CNC(C)(C)C
BRD-A17655518,CC(C)Cc1ccc(cc1)C(C)C(O)=O
BRD-A18043272,CN1C(=O)CC(C1=O)c1ccccc1
BRD-A18328003,CC1=C(SC2=C1N=C(N=C2N3CCOCC3)C4=CN=C(N=C4)N)CN5CCN(CC5)C(=O)C(C)O
BRD-A18620900,C[C@]12CCC3C(CCc4cc(O)ccc34)C1C[C@@H](O)[C@@H]2O
BRD-A18917088,C[C@]12CCC3C(CCc4cc(O)ccc34)C1CC[C@@H]2O
BRD-A19195498,CC(CN(C)C)CN1c2ccccc2CCc2ccccc12
BRD-A19661776,CN1CCN2C(C1)c1ccccc1Cc1ccccc21
BRD-A19736161,Cc1nccn1CC1CCc2c(C1=O)c1ccccc1n2C
BRD-A19795905,Clc1ccc(cc1)[C@H]1CC[C@@H](CC1)C1C(=O)C(=O)c2ccccc2C1=O
BRD-A19952358,Cc1cc(C(C#N)c2ccc(Cl)cc2)c(Cl)cc1NC(=O)c1cc(I)cc(I)c1O
BRD-A20119038,CNC1(C)C2CCC(C2)C1(C)C
BRD-A20126139,C[C@H]1CC2C3CC[C@H](C(C)=O)[C@@]3(C)C[C@H](O)C2[C@@]2(C)CCC(=O)C=C12
BRD-A20131130,CC1OC(CC1O)n1cnc2c(N)ncnc12
BRD-A20239487,CC(C)NCC(O)COc1ccc(CC(N)=O)cc1
BRD-A20348246,CN1C(c2ccc(Cl)cc2)S(=O)(=O)CCC1=O
BRD-A21584801,CC(O)COc1cn2ncnc(Oc3ccc4[nH]c(C)cc4c3F)c2c1C
BRD-A21607826,CC(c1c[nH]cn1)c1cccc(C)c1C
BRD-A21858158,O=C(C1CCCCC1)N1CC2N(CCc3ccccc23)C(=O)C1
BRD-A22032524,CCOC(=O)C1=C(NC(=C(C1C2=CC=CC=C2Cl)C(=O)OC)C)COCCN
BRD-A22081593,COc1cc(ccc1-c1nc2ncccc2[nH]1)S(C)=O
BRD-A22305049,CC(Cc1cccc(c1)C(F)(F)F)NCCOC(=O)c1ccccc1
BRD-A22642447,NC(=O)N1c2ccccc2CC(O)c2ccccc12
BRD-A22769835,CN1CCCN(CC1)C(c1ccccc1)c1ccc(Cl)cc1
BRD-A23067620,CCC(C)n1ncn(-c2ccc(cc2)N2CCN(CC2)c2ccc(OC[C@H]3CO[C@@](Cn4cncn4)(O3)c3ccc(Cl)cc3Cl)cc2)c1=O
BRD-A24191444,CC(C(O)c1ccc(O)cc1)N1CCC(Cc2ccccc2)CC1
BRD-A24228527,CC1COc2c(N3CCN(C)CC3)c(F)cc3c2n1cc(C(O)=O)c3=O
BRD-A24514565,CC(=O)CC(c1ccccc1)c1c(O)c2ccccc2oc1=O
BRD-A24560335,Cc1cc(Oc2ccc3nc(COc4ccc(CC5SC(=O)NC5=O)cc4)n(C)c3c2)cc(C)c1N
BRD-A25234499,CCC1(CCC(=O)NC1=O)c1ccc(N)cc1
BRD-A25619068,N#Cc1ccc(cc1)C1CCCc2cncn12
BRD-A25736793,CC1CCC2CC(C(=CC=CC=CC(CC(C(=O)C(C(C(=CC(C(=O)CC(OC(=O)C3CCCCN3C(=O)C(=O)C1(O2)O)C(C)CC4CCC(C(C4)OC)OCCO)C)C)O)OC)C)C)C)OC
BRD-A26032986,CC1(CN2CCC(CC2)n2c3ccccc3[nH]c2=O)OCc2ccccc2-n2cccc12
BRD-A26095496,CCC(=O)O[C@@]1([C@@H](C)CC2C3CCC4=CC(=O)C=C[C@]4(C)[C@@]3(F)[C@@H](O)C[C@@]21C)C(=O)CCl
BRD-A26334849,CCCNCC(O)COc1ccccc1C(=O)CCc1ccccc1
BRD-A26384407,NS(=O)(=O)c1cc(ccc1Cl)C1(O)NC(=O)c2ccccc12
BRD-A26423207,CC1CN(C[C@H](C)N1)c1c(F)c(N)c2c(c1F)n(cc(C(O)=O)c2=O)C1CC1
BRD-A26503646,C[C@]12CC[C@H]3[C@@H](CCC4C(=O)C(=O)CC[C@]34C)[C@@H]1CCC2=O
BRD-A26690767,CC(C)(C)NC(=O)[C@@H]1CC2CCCCC2CN1C[C@@H](O)[C@H](Cc1ccccc1)NC(=O)[C@H](CC(N)=O)NC(=O)c1ccc2ccccc2n1
BRD-A27732521,CC(CN1CCCCC1)C(=O)c1ccc(C)cc1
BRD-A28467416,O=C(Nc1ccncc1)Nc1ccc(cc1)-c1nc(nc(n1)N1CCOCC1)N1C2CCC1COC2
BRD-A28545468,CC(Cc1ccccc1)N(C)CC#C
BRD-A28746609,CC(=O)O[C@@H]1C2=C(C)[C@H](C[C@@](O)([C@@H](OC(=O)c3ccccc3)C3[C@@]4(CO[C@@H]4C[C@H](O)[C@@]3(C)C1=O)OC(C)=O)C2(C)C)OC(=O)[C@H](O)[C@@H](NC(=O)c1ccccc1)c1ccccc1
BRD-A28787076,OC[C@H]1OC([C@H](O)[C@@H]1O)n1cnc2c1nc[nH]c2=O
BRD-A29009894,CC(Nc1ncc(Cl)c(Nc2cc(C)[nH]n2)n1)c1ncc(F)cn1
BRD-A29260609,CCCC(=O)Nc1ccc(OCC(O)CNC(C)C)c(c1)C(C)=O
BRD-A29289453,COC(=O)C1=C(C)NC(C)=C(C1C)C(=O)OCCSc1ccccc1
BRD-A29322418,C[C@]12CCC3C(C=CC4=CC(=O)CC[C@]34C)C1CC[C@@]2(O)CCC(O)=O
BRD-A29485665,CC(O)(CS(=O)(=O)c1ccc(F)cc1)C(=O)Nc1ccc(C#N)c(c1)C(F)(F)F
BRD-A29520968,CC1(OC(=CC1=O)C(O)=O)c1ccccc1
BRD-A29623586,CN1C2C[C@H](O)[C@H]1C[C@H](C2)OC(=O)[C@H](CO)c1ccccc1
BRD-A29731977,CCCCCC(=O)O[C@@]1(CCC2C3CCC4=CC(=O)CC[C@]4(C)C3CC[C@]12C)C(C)=O
BRD-A29734509,CC(C)N(CCC(C(N)=O)(c1ccccc1)c1ccccn1)C(C)C
BRD-A29844814,NC1CCN(C1)c1cccnc1
BRD-A29854054,CCCCCN(CCCCC)C(=O)C(CCC(O)=O)NC(=O)c1ccc(Cl)c(Cl)c1
BRD-A29901043,COc1cc(C)c(Sc2cnc(NC(=O)c3ccc(CNC(C)C(C)C)cc3)s2)cc1C(=O)N1CCN(CC1)C(C)=O
BRD-A30051119,NCC[C@@H](O)C(=O)N[C@@H]1C[C@H](N)[C@@H](O[C@H]2O[C@H](CN)[C@@H](O)[C@H](O)[C@H]2O)[C@H](O)[C@H]1O[C@H]1O[C@H](CO)[C@@H](O)[C@H](N)C1O
BRD-A30815329,CCOC(=O)C1=C(C)NC(C)=C(C1c1cccc(Cl)c1Cl)C(=O)OC
BRD-A30984645,CN1CCN(C)C(=O)C1c1ccc(Nc2nc(cn(C)c2=O)-c2cccc(NC(=O)c3cc4CCCCc4s3)c2C)cc1
BRD-A31095847,CN(C)C1CCCN(C(=O)c2ccc(NC(=O)c3ccccc3C)cc2)c2ccccc12
BRD-A31159102,CNCCC(Oc1ccc(cc1)C(F)(F)F)c1ccccc1
BRD-A31521121,COc1ccccc1OCC(O)COC(N)=O
BRD-A31811760,CCCCCCCCCCCCCCCCOP(O)(=O)OCC[N+](C)(C)C
BRD-A32172948,CC1CCCC(N1C(=O)CCSC(C)=O)C(O)=O
BRD-A32269193,OC(=O)CC1CC(=NO1)c1ccccc1
BRD-A33084557,Clc1sccc1COC(Cn1ccnc1)c1ccc(Cl)cc1Cl
BRD-A33168282,CC(C)NCC(O)c1ccc(NS(C)(=O)=O)cc1
BRD-A33447119,COC(=O)Nc1nc2ccc(cc2[nH]1)S(=O)c1ccccc1
BRD-A33692381,Cc1cn(C2CC(N=[N+]=[N-])C(CO)O2)c(=O)[nH]c1=O
BRD-A33697453,Clc1ccc(C(Cn2ccnc2)OCc2ccc(Sc3ccccc3)cc2)c(Cl)c1
BRD-A33711280,CN1CCCC(CC2c3ccccc3Sc3ccccc23)C1
BRD-A34006693,CC(C(O)=O)c1ccc(cc1)C(=O)c1cccs1
BRD-A34255068,COc1ccc(cc1OC1CCCC1)C1CNC(=O)C1
BRD-A34513497,OC[C@H](O)[C@@H](O)C(O[C@@H]1O[C@H](CO)[C@H](O)[C@H](O)[C@H]1O)[C@H](O)CO
BRD-A35869383,Nc1ncnc2n(nc(-c3ccc(Oc4ccccc4)cc3)c12)C1CCCN(C1)C(=O)C=C
BRD-A36010170,CC(=O)OCC(=O)[C@@]12OC3(CCCC3)O[C@@H]1CC1C3CCC4=CC(=O)C=C[C@]4(C)[C@@]3(F)[C@@H](O)C[C@]21C
BRD-A36057565,COC(=O)[C@]12OC[C@@]34[C@H]1[C@@H](OC(=O)\C=C(/C)C(C)C)C(=O)O[C@@H]3C[C@H]1C(C)C(=O)C(=O)C[C@]1(C)[C@H]4[C@@H](O)[C@@H]2O
BRD-A36331462,COC[C@H](NC(=O)[C@H](COC)NC(=O)c1cnc(C)s1)C(=O)N[C@@H](Cc1ccccc1)C(=O)C1(C)CO1
BRD-A37288617,CCN(CC)C(C)C(=O)c1ccccc1
BRD-A37780065,C[C@]12C[C@H](O)[C@@]3(F)C(CCC4=CC(=O)C=C[C@]34C)C1C[C@@H](O)[C@]2(O)C(=O)CO
BRD-A37959677,C[C@]12CCC3C(CCc4cc(O)ccc34)C1CCC2=O
BRD-A38076815,OCC(O)COC(=O)c1ccccc1Nc1ccnc2cc(Cl)ccc12
BRD-A38218502,CSCCC(NC(=O)C(Cc1ccccc1)NC(=O)CNC(=O)CNC(=O)C(N)Cc1ccc(O)cc1)C(O)=O
BRD-A38350138,CC(=O)N1CCN(CC1)c1ccc(OCC2CO[C@@](Cn3ccnc3)(O2)c2ccc(Cl)cc2Cl)cc1
BRD-A38592941,OC(=O)C1CSCN1
BRD-A39390670,COCCCOc1ccnc(CS(=O)c2nc3ccccc3[nH]2)c1C
BRD-A39415247,C[C@]12CCC3C(CCC4=CC(=O)CC[C@H]34)C1CC[C@@]2(O)C#C
BRD-A39935389,O=c1n(CC2CO2)c(=O)n(CC2CO2)c(=O)n1CC1CO1
BRD-A40084411,CC(C)(C)NCC(O)COc1cccc2[nH]c(O)nc12
BRD-A40639672,OC(=O)C1CCn2c1ccc2C(=O)c1ccccc1
BRD-A40787240,CO\N=C1/CN(CC1CN)c1nc2n(cc(C(O)=O)c(=O)c2cc1F)C1CC1
BRD-A41451487,CCC(C)N(C)C(=O)c1cc2ccccc2c(n1)-c1ccccc1Cl
BRD-A41692738,CC(Nc1ccccc1)c1cc(C)cn2c1nc(cc2=O)N1CCOCC1
BRD-A42699921,CC(=O)C(C#N)C(=O)Nc1ccc(cc1)C(F)(F)F
BRD-A42759514,Cc1ncc(n1CC(O)CCl)[N+]([O-])=O
BRD-A43082555,CC(C(O)=O)c1ccc(CC2CCCC2=O)cc1
BRD-A43331270,CCCN1C(C)=C(C(c2cccc(c2)[N+]([O-])=O)C(C(=O)ON2CCC(CC2)(c2ccccc2)c2ccccc2)=C1C)C(=O)OC
BRD-A43882281,CC(N\C(Nc1ccncc1)=N\C#N)C(C)(C)C
BRD-A44090213,CC(C(O)=O)c1ccc(cc1)N1Cc2ccccc2C1=O
BRD-A44863528,CCCN(CCC)C(=O)C(CCC(O)=O)NC(=O)c1ccccc1
BRD-A45153512,CCNC(=O)CCC\C=C/C[C@H]1[C@@H](O)C[C@@H](O)[C@@H]1\C=C\C(O)CCc1ccccc1
BRD-A45498368,CNC(=O)Nc1ccc(cc1)-c1nc(N2CC3CCC(C2)O3)c2cnn(C3CCC4(CC3)OCCO4)c2n1
BRD-A45540146,CC(C1=CN=CS1)NC(=O)NC2=C(C=C(C=C2)OC3=C4C=C(C(=CC4=NC=C3)OC)OC)OC
BRD-A45889380,CCN(CC)CCCC(C)Nc1c2ccc(Cl)cc2nc2ccc(OC)cc12
BRD-A46179541,CCN1CC(CCN2CCOCC2)C(C1=O)(c1ccccc1)c1ccccc1
BRD-A47364545,C[C@H]1C2Cc3ccc(O)cc3[C@@]1(C)CCN2CC=C
BRD-A47598013,CN(C)CCCC1(OCc2cc(ccc12)C#N)c1ccc(F)cc1
BRD-A48237631,CO[C@@]12[C@@H]3NC3CN1C1=C([C@@H]2COC(N)=O)C(=O)C(N)=C(C)C1=O
BRD-A48430263,CCc1ccc(CCOc2ccc(CC3SC(=O)NC3=O)cc2)nc1
BRD-A48570745,CCC(C)[C@H]1O[C@]2(CC[C@@H]1C)C[C@@H]1C[C@@H](C\C=C(C)\[C@@H](OC3C[C@H](OC)C(O[C@H]4C[C@H](OC)[C@@H](O)[C@H](C)O4)[C@H](C)O3)[C@@H](C)\C=C\C=C3/CO[C@@H]4[C@H](O)C(C)=C[C@@H](C(=O)O1)[C@]34O)O2
BRD-A49160188,COc1cc2CC(CC3CCN(Cc4ccccc4)CC3)C(=O)c2cc1OC
BRD-A49399758,NC(=O)CCC1NC(=O)C(Cc2ccccc2)NC(=O)C(Cc2ccc(O)cc2)NC(=O)CCSSCC(NC(=O)C(CC(N)=O)NC1=O)C(=O)N1CCCC1C(=O)NC(CCCNC(N)=N)C(=O)NCC(N)=O
BRD-A49622760,CC(O)C1C2SC(C3CCCO3)=C(N2C1=O)C(O)=O
BRD-A49765801,CC1(C)O[C@@H]2CC3C4C[C@H](F)C5=CC(=O)CC[C@]5(C)C4[C@@H](O)C[C@]3(C)[C@@]2(O1)C(=O)CO
BRD-A49838158,CCC(c1ccccc1)c1c(O)c2ccccc2oc1=O
BRD-A50033377,Clc1ccc(s1)C(=O)NCC1CN(C(=O)O1)c1ccc(cc1)N1CCOCC1=O
BRD-A50311610,Cc1cccc(CN2CCN(CC2)C(c2ccccc2)c2ccc(Cl)cc2)c1
BRD-A50675702,Nc1c(c(nn1-c1c(Cl)cc(cc1Cl)C(F)(F)F)C#N)S(=O)C(F)(F)F
BRD-A50684349,Oc1ccc(cc1)C1CNCCc2c(Cl)c(O)c(O)cc12
BRD-A50737080,[O-][N+](=O)c1cc(NC(=S)NC(NC(=O)C(c2ccccc2)c2ccccc2)C(Cl)(Cl)Cl)ccc1F
BRD-A50764878,O=C1CC2(CCCC2)CC(=O)N1CCNCC1COc2ccccc2O1
BRD-A50998626,COc1ccc(COc2cc3oc(=O)c4cc(ccc4c3cc2OC)C(C)O)cc1
BRD-A51078674,COc1ccc2C(CN(C)Cc2c1)c1ccc(Cl)c(Cl)c1
BRD-A51382177,CCC(=O)O[C@@H](OP(=O)(CCCCc1ccccc1)CC(=O)N1C[C@@H](C[C@H]1C(O)=O)C1CCCCC1)C(C)C
BRD-A51714012,COc1ccc(cc1)C(CN(C)C)C1(O)CCCCC1
BRD-A51820102,Clc1ccc(COC(Cn2ccnc2)c2ccc(Cl)cc2Cl)cc1
BRD-A51964809,CCCCN(CCCC)CCC(O)c1cc2c(Cl)cc(Cl)cc2c2cc(ccc12)C(F)(F)F
BRD-A52252998,CCC[C@@H]1C[C@H](N(C)C1)C(=O)N[C@@H](C(C)Cl)[C@H]1O[C@@H](SC)[C@H](O)[C@@H](O)[C@H]1O
BRD-A52922642,COc1ccc(CCN(C)CCCC(C#N)(C(C)C)c2cc(OC)c(OC)c(OC)c2)cc1OC
BRD-A53176877,C[C@H]1CC2C3CC[C@](O)(C(=O)CO)[C@@]3(C)C[C@H](O)C2[C@@]2(C)C=CC(=O)C=C12
BRD-A53566267,CC(=O)OCC(=O)[C@@]1(O)CCC2C3CCC4=CC(=O)CC[C@]4(C)C3=CC[C@]12C
BRD-A53576514,CN(C)CCOC(c1ccccc1)c1ccccc1C
BRD-A54880345,CCOC(=O)c1cncn1C(C)c1ccccc1
BRD-A55272860,CCN1CCCC1CNC(=O)c1cc(ccc1OC)S(N)(=O)=O
BRD-A55393291,C[C@]12CCC3C(CCC4=CC(=O)CC[C@]34C)C1CC[C@@H]2O
BRD-A55579717,O=c1cccc2C3CNC[C@@H](C3)Cn12
BRD-A55913614,COc1cc(NC(C)CCCN)c2ncccc2c1
BRD-A55962179,COc1ccc2nc([nH]c2c1)S(=O)Cc1ncc(C)c(OC)c1C
BRD-A56085258,COC(=O)NC(C)CNc1nccc(n1)-c1cn(nc1-c1cc(Cl)cc(NS(C)(=O)=O)c1F)C(C)C
BRD-A56359832,CC(N(O)C(N)=O)c1cc2ccccc2s1
BRD-A56371469,Cc1nccn1CC(=O)N(C(C(=O)NC1CCCCC1)c1ccccc1C)c1cccc(F)c1
BRD-A56592690,CCC(C)SSc1ncc[nH]1
BRD-A57382968,CN1C(C(=O)Nc2ccccn2)C(=O)c2ccccc2S1(=O)=O
BRD-A58048407,COCCOC(=O)C1=C(C)NC(C)=C(C1c1cccc(c1)[N+]([O-])=O)C(=O)OC(C)C
BRD-A58564983,CO[C@H]1CC(O[C@H]2[C@@H](C)\C=C\C=C3/CO[C@@H]4C(=N/O)\C(C)=C[C@@H](C(=O)O[C@H]5C[C@@H](C\C=C2/C)O[C@@]2(CC[C@H](C)[C@H](O2)C2CCCCC2)C5)[C@]34O)O[C@@H](C)C1O
BRD-A58767537,CN(C)C\C=C\C(=O)Nc1cc2c(Nc3ccc(F)c(Cl)c3)ncnc2cc1OC1CCOC1
BRD-A58955223,CS(=O)CCCCN=C=S
BRD-A59174698,CC(NCCc1ccc(O)cc1)C(O)c1ccc(O)cc1
BRD-A61154809,Cc1ccc(cc1)S(=O)(=O)NC(=O)NN1CC2CCCC2C1
BRD-A61221616,C[C@H]1CC2C3CC[C@](OC(C)=O)(C(C)=O)[C@@]3(C)CCC2[C@@]2(C)CCC(=O)C=C12
BRD-A61676498,CC(C)(C)C(=O)C(Oc1ccc(Cl)cc1)n1ccnc1
BRD-A61767428,C[C@@H]1C[C@H](C2CC[C@]3(C)C(=CC[C@H]4[C@@]5(C)CC[C@H](O)C(C)(C)[C@@H]5CC[C@@]34C)[C@H]2[C@@H]1C)C(O)=O
BRD-A61793559,CC1Nc2cc(Cl)c(cc2C(=O)N1c1ccccc1C)S(N)(=O)=O
BRD-A62025033,COC1CC(CC(C)C2CC(=O)C(C)\C=C(C)\C(O)C(OC)C(=O)C(C)CC(C)\C=C\C=C\C=C(C)\C(CC3CCC(C)C(O)(O3)C(=O)C(=O)N3CCCCC3C(=O)O2)OC)CCC1OC(=O)C(C)(CO)CO
BRD-A62035778,CN1C2C[C@@H](C[C@H]1[C@H]1OC21)OC(=O)[C@H](CO)c1ccccc1
BRD-A62071884,CN\C(NC#N)=N/c1ccc(cc1)C1=NNC(=O)CC1C
BRD-A62525898,C[C@]12CC(=O)C3C(CCC4=CC(=O)C=C[C@]34C)C1CC[C@]2(O)C(=O)CO
BRD-A62879835,CO[C@H]1\C=C\O[C@@]2(C)Oc3c(C2=O)c2c4nc5cc(C)ccn5c4c(NC(=O)\C(C)=C/C=C/[C@H](C)[C@H](O)[C@@H](C)C(O)[C@@H](C)[C@H](OC(C)=O)[C@@H]1C)c(O)c2c(O)c3C
BRD-A63236097,C[C@@]1(CO)[C@H](O)CC[C@@]2(C)[C@@H](C\C=C3/C(O)COC3=O)C(=C)CC[C@H]12
BRD-A63310107,OCCN1C[C@@H](O)[C@@H](O)C(O)C1CO
BRD-A63675168,OC[C@H]1O[C@H](CC1O)n1cc(\C=C\Br)c(=O)[nH]c1=O
BRD-A63752151,NC(=O)C1CC2(NC(=O)NC2=O)c2cc(F)ccc2O1
BRD-A64406146,CC(C)(Oc1ccc(Cl)cc1)C(=O)N1CSCC1C(O)=O
BRD-K88378636,C[C@@H]([C@H]1CC[C@H]2[C@@H]3C[C@H]4O[C@]45[C@@H](O)C=CC(=O)[C@]5(C)[C@H]3CC[C@]12C)[C@H]6CC(=C(CO)C(=O)O6)C
BRD-A07815743,OCC1OC(C(O)C(O)C1O)c1c(O)ccc2c1occ(-c1ccc(O)cc1)c2=O
BRD-A17883755,Nc1cccc2C(=O)N(Cc12)C1CCC(=O)NC1=O
BRD-A18611368,C[C@]1(Cn2ccnn2)C(N2C(CC2=O)S1(=O)=O)C(O)=O
BRD-A26711594,COC(=O)C1=C(C)NC(C)=C(C1c1cccc(c1)[N+]([O-])=O)C(=O)OCCN(C)Cc1ccccc1
BRD-A33280134,COc1cc(cc(OC)c1O)[C@H]1[C@@H]2C(COC2=O)C(OC2O[C@@H]3COC(C)O[C@H]3[C@H](O)[C@H]2O)c2cc3OCOc3cc12
BRD-A44448661,CCCC(C)C1(CC)C(=O)NC(=O)NC1=O
BRD-A52660433,C1CCC(CC1)c1ccc2n3CCNC4CCCc(c34)c2c1
BRD-A64485570,OC[C@H]1OC(C[C@@H]1O)n1cc(c(=O)[nH]c1=O)C(F)(F)F
BRD-A64977602,CN1CCN2C(C1)c1ccccc1Cc1cccnc21
BRD-A65013509,CCN(CC)CC#CCOC(=O)C(O)(C1CCCCC1)c1ccccc1
BRD-A65051990,CC(=O)CC(c1ccc(cc1)[N+]([O-])=O)c1c(O)c2ccccc2oc1=O
BRD-A65248799,COc1ccc(cc1OC)C(=O)N1CCCc2cc(ccc12)C1=NNC(=O)SC1C
BRD-A65280694,CCc1c(C)[nH]c2CCC(CN3CCOCC3)C(=O)c12
BRD-A66155091,C[C@]12CC[C@@H]3[C@@H](CC[C@@]45O[C@@H]4C(=O)C(C[C@]35C)C#N)[C@@H]1CC[C@H]2O
BRD-A66419424,CC(C)C[C@H](NC(=O)CNC(=O)c1cc(Cl)ccc1Cl)B1OC(=O)CC(CC(O)=O)(O1)C(O)=O
BRD-A67097164,ClCCNP1(=O)OCCCN1CCCl
BRD-A67373739,NC(=O)c1ncn(C2OC(COP(O)(O)=O)C(O)C2O)c1N
BRD-A67479912,CC(=O)[C@H]1CCC2C3CCC4=CC(=O)CC[C@]4(C)C3CC[C@]12C
BRD-A67516570,O=C(CS(=O)Cc1ccco1)NC\C=C/COc1cc(CN2CCCCC2)ccn1
BRD-A67616246,C(C1CN2CCC1CC2)N1c2ccccc2Sc2ccccc12
BRD-A67862938,CCN(CC)CCOC(=O)C(CC1CCCO1)Cc1cccc2ccccc12
BRD-A68304895,CC(C)CC(N)C1(CCC1)c1ccc(Cl)cc1
BRD-A68464583,OC1(N2CCN=C2c2ccccc12)c1ccc(Cl)cc1
BRD-A68493689,COc1ccc2c(O[C@@H]3C[C@@H]4C(C3)C(=O)N(C)CCCC\C=C/[C@@H]3C[C@]3(NC4=O)C(=O)NS(=O)(=O)C3CC3)cc(nc2c1C)-c1nc(cs1)C(C)C
BRD-A68888262,CN1CCCC(CC1)n1nc(Cc2ccc(Cl)cc2)c2ccccc2c1=O
BRD-A68942014,Clc1ccc(cc1Cl)C12CC1CNC2
BRD-A69275535,COC1C(O)[C@@H](O)C(O)C(O)[C@H]1O
BRD-A69636825,COc1ccc(cc1)C1Sc2ccccc2N(CCN(C)C)C(=O)C1OC(C)=O
BRD-A69951442,C[C@@H]1CC2C3CCC4=CC(=O)C=CC4(C)[C@]3(F)[C@@H](O)CC2(C)[C@]1(O)C(=O)CO
BRD-A70083328,CC(O)Cn1c(C)ncc1[N+]([O-])=O
BRD-A70858459,C[C@]12CCC3C(CCc4cc(OC(=O)N(CCCl)CCCl)ccc34)C1CC[C@@H]2O
BRD-A70998768,COc1cc(Br)c(C[N+]2(CCOCCC3CC[C@H]4C[C@@H]3C4(C)C)CCOCC2)cc1OC
BRD-A72066420,COP(=O)(OC)OC(c1ccc(Cl)cc1)P(=O)(OC)OC
BRD-A72309220,CN1CC(CNC(=O)OCc2ccccc2)C[C@@H]2C1Cc1cn(C)c3cccc2c13
BRD-A72390365,C[N+](C)(C)CCOP(O)(=O)OC[C@H](O)CO
BRD-A72711497,CC[C@H](C1OC(CC)(C[C@@H]1C)C1CC[C@](O)(CC)[C@H](C)O1)C(=O)C(C)[C@@H](O)[C@H](C)CCc1ccc(C)c(O)c1C(O)=O
BRD-A73368467,CC(C)(C(O)=O)c1ccc(cc1)C(O)CCCN1CCC(CC1)C(O)(c1ccccc1)c1ccccc1
BRD-A73556557,OCC(O)C(O)C(O)C(=O)CO
BRD-A73741725,C[C@]12CCC3C(CC(=C)C4=CC(=O)C=C[C@]34C)C1CCC2=O
BRD-A73908300,NC(=O)C1CCCc2c1[nH]c1ccc(Cl)cc21
BRD-A74391928,CCCCCCCN(CC)CCCC(O)c1ccc(NS(C)(=O)=O)cc1
BRD-A74667430,CCc1cccc2c3CCOC(CC)(CC(O)=O)c3[nH]c12
BRD-A74914197,Nc1nc(N)c2nc(CC(CC#C)c3ccc(cc3)C(=O)N[C@@H](CCC(O)=O)C(O)=O)cnc2n1
BRD-A74980173,COc1c(N2CCNC(C)C2)c(F)cc2c1n(cc(C(O)=O)c2=O)C1CC1
BRD-A75172220,C[C@]12C[C@H](O)C3C(CCC4=CC(=O)CC[C@]34C)C1CC[C@]2(O)C(=O)CO
BRD-A75305484,CCCCCOc1ccc(cc1)-c1ccc(cc1)-c1ccc(cc1)C(=O)NC1CC(O)C(O)NC(=O)C2C(O)C(C)CN2C(=O)C(NC(=O)C(NC(=O)C2CC(O)CN2C(=O)C(NC1=O)C(C)O)C(O)C(O)c1ccc(O)cc1)C(C)O
BRD-A75479906,CC(N)C12CC3CC(CC(C3)C1)C2
BRD-A75726477,CC(C)(C)NCC(O)c1cc(Cl)c(N)c(Cl)c1
BRD-A76747559,C[C@@H]1O[C@@H](OC[C@H]2OC(Oc3c(oc4cc(O)cc(O)c4c3=O)-c3ccc(O)c(O)c3)[C@H](O)[C@@H](O)[C@@H]2O)[C@H](O)[C@H](O)[C@H]1O
BRD-A77216878,CCCC[C@@H](C)\C=C(C)\C=C(/C)C(=O)NC1=C[C@@](O)(\C=C\C=C\C=C\C(=O)NC2C(=O)CCC2=O)[C@@H]2OC2C1=O
BRD-A78195072,N=C1NC(=O)N2CC12
BRD-A78341343,CNC(=O)c1cnn(c1)-c1nc(N)c2ncn([C@@H]3O[C@H](CO)C(O)C3O)c2n1
BRD-A78723049,CO[C@]1(NC(=O)C2SC(S2)=C(C(N)=O)C(O)=O)C2SCC(CSc3nnnn3C)=C(N2C1=O)C(O)=O
BRD-A78877355,CN1CCOC(c2ccccc2)c2ccccc2C1
BRD-A79431551,Nc1nccc2n(cnc12)[C@@H]1O[C@H](CO)C(O)C1O
BRD-A79981887,COc1ccc(OC)c(c1)C(O)CNC(=O)CN
BRD-A80017228,NS(=O)(=O)c1cc2c(NC(Cc3ccccc3)NS2(=O)=O)cc1C(F)(F)F
BRD-A80151636,CC(C)CC1N2C(=O)[C@](NC(=O)C3CN(C)[C@@H]4Cc5c(Br)[nH]c6cccc(C4=C3)c56)(OC2(O)[C@@H]2CCCN2C1=O)C(C)C
BRD-A81233518,C[N+]1(C)CCC(C1)OC(=O)C(O)(C1CCCC1)c1ccccc1
BRD-A82035391,Cc1ccccc1C(=O)Nc1ccc(C(=O)N2CCCC(O)c3cc(Cl)ccc23)c(C)c1
BRD-A82156122,N[C@H](C(=O)N1[C@@H]2C[C@H]2C[C@H]1C#N)C12CC3CC(CC(O)(C3)C1)C2
BRD-A82395837,C[C@H]1C(=O)O[C@H]2[C@@H](O)C34[C@@H]5C[C@@H](C(C)(C)C)C33[C@H](O)C(=O)O[C@H]3O[C@]4(C(=O)O5)[C@@]12O
BRD-A82396632,Clc1ccc(COC(Cn2ccnc2)c2ccc(Cl)cc2Cl)c(Cl)c1
BRD-A82522119,C[C@@H]1CC2=C(CCC(=O)C2)[C@H]2CC[C@@]3(C)[C@H](CC[C@@]3(O)C#C)C12
BRD-A82772293,CN1CCCC(CN2c3ccccc3Sc3ccccc23)C1
BRD-A83081521,CC(C)(C)NC(=O)[C@H]1CCC2C3CCC4NC(=O)C=C[C@]4(C)C3CC[C@]12C
BRD-A84045418,CCCCC(NC(=O)C(CC(C)C)NC(=O)OCc1ccccc1)C=O
BRD-A84174393,CN1C(C(=O)Nc2ncc(C)s2)C(=O)c2ccccc2S1(=O)=O
BRD-A84481105,CSc1ccc2Sc3ccccc3N(CCC3CCCCN3C)c2c1
BRD-A84575140,COc1ccc(cc1)-c1nc2cc(ccc2[nH]1)C1=NNC(=O)CC1C
BRD-A85439007,OCC1O[C@H](C[C@@H]1O)n1cc(I)c(=O)[nH]c1=O
BRD-A85548292,CC(C(=O)Nc1cc(C)ccn1)c1cccc(c1)C(=O)c1ccccc1
BRD-A86216746,C1C2CNCC1c1cc3nccnc3cc21
BRD-A86248581,OC[C@H]1O[C@H]([C@H](O)[C@@H]1O)N1CCC(O)NC1=O
BRD-A86871940,CC(CNC(=O)c1cccnc1)NC(=O)c1cccnc1
BRD-A87130939,CC(Cc1ccc(O)c(O)c1)C(C)Cc1ccc(O)c(O)c1
BRD-A87435144,CN(C)C(=O)c1ccc(cc1)S(=O)(=O)c1ccc(NC(=O)C(C)(O)C(F)(F)F)c(Cl)c1
BRD-A87479750,NC(=O)N1C(=O)C(C(=O)c2cccs2)c2cc(Cl)ccc12
BRD-A87983072,OC(=O)C(Cc1c[nH]c2ccccc12)NC(=O)c1ccc(Cl)cc1
BRD-A88138582,CC1(C)O[C@@H]2CC3C4CCC5=CC(=O)CCC5(C)C4(F)C(O)CC3(C)[C@@]2(O1)C(=O)CCl
BRD-A89164055,Fc1ccc2OCCC3(NC(=O)NC3=O)c2c1
BRD-A89175223,CC(C)NCC(O)COc1ccc(COCCOC(C)C)cc1
BRD-A89585551,OC(C1CCCCN1)c1cc(nc2c(cccc12)C(F)(F)F)C(F)(F)F
BRD-A90547603,NC(=N)NCCCCC1NC(=O)CCSSCC(NC(=O)C2CCCN2C(=O)C(Cc2c[nH]c3ccccc23)NC(=O)C(CC(O)=O)NC(=O)CNC1=O)C(N)=O
BRD-A90625545,CCC(C)(Oc1ccc(cc1)C1(CCCCC1)c1ccc(OC(C)(CC)C(O)=O)cc1)C(O)=O
BRD-A90799790,COC(=O)C1=C(C)NC(C)=C(C1c1cccc2nonc12)C(=O)OC(C)C
BRD-A91699651,CCN(CC)CCCC(C)Nc1ccnc2cc(Cl)ccc12
BRD-A91877226,CCCCCOC(=O)Nc1nc(=O)n(cc1F)C1O[C@H](C)[C@@H](O)[C@H]1O
BRD-A92537424,C[C@]12CCC3C(CCC4=Cc5oncc5C[C@]34C)C1CC[C@@]2(O)C#C
BRD-A92630576,CCC(COC(=O)c1cc(OC)c(OC)c(OC)c1)(N(C)C)c1ccccc1
BRD-A92826379,O=C1CCCC2C3CC(CN12)[C@@H]1CCCCN1C3
BRD-A93000692,CC1(COc2ccc(CC3SC(=O)NC3=O)cc2)CCCCC1
BRD-A93093700,CN1c2ccc(Cl)cc2C(=NC(O)C1=O)c1ccccc1
BRD-A93255169,O=C1N(C2CCC(=O)NC2=O)C(=O)c2ccccc12
BRD-A93424738,C[C@@H]1CC2C3CCC4=CC(=O)C=C[C@]4(C)[C@@]3(F)[C@@H](O)C[C@]2(C)[C@@]1(O)C(=O)COC(C)=O
BRD-A93964801,NC1CCN(C1)c1c(F)cc2c(c1Cl)n(cc(C(O)=O)c2=O)C1CC1
BRD-A94276798,CC(C)(C)NCC(O)COc1ccc(NC(=O)NC2CCCCC2)cc1
BRD-A94756469,C[C@H]1O[C@H](C[C@H](O)[C@@H]1O)O[C@H]1[C@@H](O)C[C@H](O[C@H]2[C@@H](O)C[C@H](O[C@H]3CC[C@@]4(C)[C@H](CCC5C4C[C@@H](O)[C@]4(C)[C@H](CC[C@]54O)C4=CC(=O)OC4)C3)O[C@@H]2C)O[C@@H]1C
BRD-A95032015,Nc1nc(NC2CC2)c2ncn(C3C[C@H](CO)C=C3)c2n1
BRD-A95696066,CNCCC(Oc1ccccc1OC)c1ccccc1
BRD-A95869247,CC1Cc2ccccc2N1NC(=O)c1ccc(Cl)c(c1)S(N)(=O)=O
BRD-A95939040,Clc1ccc(C(Cn2ccnc2)OCc2csc3c(Cl)cccc23)c(Cl)c1
BRD-A96060515,CC(C)[N+]1(C)C2CC[C@H]1C[C@H](C2)OC(=O)C(CO)c1ccccc1
BRD-A96292436,NCCCC(N)(C(F)F)C(O)=O
BRD-A96456596,CCCc1c(OCC(O)COc2ccc3c(oc(cc3=O)C(O)=O)c2CCC)ccc(C(C)=O)c1O
BRD-A96754982,CO[C@@H]1CC(CC[C@H]1O)\C=C(/C)[C@H]1OC(=O)[C@@H]2CCCCN2C(=O)C(=O)[C@]2(O)O[C@@H]([C@H](C[C@H]2C)OC)[C@H](C[C@@H](C)C\C(C)=C\[C@@H](CC=C)C(=O)C[C@H](O)[C@H]1C)OC
BRD-A97104540,CC(Cc1ccc(O)cc1)NCC(O)c1cc(O)cc(O)c1
BRD-A97437073,CN(CCOc1ccc(CC2SC(=O)NC2=O)cc1)c1ccccn1
BRD-A97479839,CCN1CCCC(C1)OC(=O)C(c1ccccc1)c1ccccc1
BRD-A97502381,C[C@H](CNC(=O)CC[C@]1(C)[C@@H](CC(N)=O)[C@@H]2[N+]3=C1C(C)=C1[C@@H](CCC(N)=O)C(C)(C)C4=[N+]1[Co]31(C#N)N3C([C@@H](CCC(N)=O)[C@](C)(CC(N)=O)[C@]23C)=C(C)C2=[N+]1C(=C4)[C@@H](CCC(N)=O)[C@]2(C)CC(N)=O)OP(O)(=O)O[C@@H]1[C@H](CO)O[C@@H]([C@@H]1O)n1cnc2cc(C)c(C)cc12
BRD-A97674275,COc1ccccc1OCC(O)CN1CCN(CC(=O)Nc2c(C)cccc2C)CC1
BRD-A97701745,CC(C)NCC(O)COc1cccc2[nH]ccc12
BRD-A97739905,CC(C(O)=O)c1cccc(c1)C(=O)c1ccccc1
BRD-A97808748,CC(=O)S[C@@H]1CC2=CC(=O)CC[C@]2(C)[C@H]2CC[C@@]3(C)[C@@H](CC[C@@]33CCC(=O)O3)C12
BRD-A98702003,CC1(C)[C@H](CC[C@@]2(C)C1CC[C@]1(C)C2C(=O)C=C2[C@@H]3C[C@](C)(CC[C@]3(C)CC[C@@]12C)C(O)=O)OC(=O)CCC(O)=O
BRD-A98845662,CN(C)CC(c1ccc(O)cc1)C1(O)CCCCC1
BRD-A98990573,NC1=NCC2N1c1ccccc1Cc1ccccc21
BRD-A99939097,CCCC(C)(COC(N)=O)COC(=O)NC(C)C
BRD-K00077635,C[C@]12CC[C@H]3[C@@H](CCc4cc(OC(=O)N(CCCl)CCCl)ccc34)[C@@H]1CC[C@@H]2OP(O)(O)=O
BRD-K00152668,OC(=O)\C=C\c1ccc(cc1)-c1ccc(O)c(c1)C12CC3CC(CC(C3)C1)C2
BRD-K00259736,COc1cc2CC[C@H](NC(C)=O)c3cc(=O)c(OC)ccc3-c2c(OC)c1OC
BRD-K00521308,CC(=O)N1CCC[C@H]1C(=O)N[C@@H](Cc1c[nH]cn1)C(=O)N[C@@H](CO)C(=O)N[C@@H](CS)C(=O)N[C@@H](CC(N)=O)C(N)=O
BRD-K00603606,Clc1ccccc1CN1CCc2sccc2C1
BRD-K00610438,Fc1ccc(cc1)C(=O)C1CCN(CCn2c(=S)[nH]c3ccccc3c2=O)CC1
BRD-K00662280,Cc1nnc2ccc(nn12)-c1cccc(c1)C(F)(F)F
BRD-K00673382,NC(N)=Nc1nc(CSCC\C(N)=N/S(N)(=O)=O)cs1
BRD-K00674894,CNC(=O)c1ccc2cc(ccc2c1)[C@]1(O)CCn2cncc12
BRD-K00911143,O=c1ccc2ccc(OCCCCN3CCN(CC3)c3cccc4sccc34)cc2[nH]1
BRD-K01039503,CC(C)=CCOc1ccc(\C=C\C(=O)c2ccc(OCC=C(C)C)cc2OCC(O)=O)cc1
BRD-K01174345,CN(C)N(C)C(=O)[C@@]1(Cc2ccccc2)CCCN(C1)C(=O)[C@@H](Cc1c[nH]c2ccccc12)NC(=O)C(C)(C)N
BRD-K01192156,NC(=C(C#N)C#N)/C(=C/c1ccc(O)cc1)/C#N
BRD-K01292756,Fc1ccc(cc1)C(CCCN1CCC(CC1)n1c2ccccc2[nH]c1=O)c1ccc(F)cc1
BRD-K01577834,Nc1ncnc2n(cnc12)[C@@H]1O[C@H](CO)[C@@H](O)[C@H]1O
BRD-K01621533,C[C@@H]1O[C@H](O[C@@H]2[C@H](CO)O[C@H](O[C@@H]3[C@H](CO)O[C@@H](O)[C@H](O)[C@H]3O)[C@H](O)[C@H]2O)[C@H](O)[C@@H](O)[C@@H]1N[C@H]1C=C(CO)[C@@H](O)[C@H](O)[C@@H]1O
BRD-K01638814,C1CC1C(NC1=NCCO1)C1CC1
BRD-K01663662,OC(CCCN1CCCCC1)(c1ccccc1)c1ccccc1
BRD-K01674964,NCCc1c[nH]cn1
BRD-K01815685,OCc1c[nH]c2ccccc12
BRD-K01824921,CCCn1c2[nH]c(nc2c(=O)n(CCC)c1=O)C1CCCC1
BRD-K02079473,O=c1[nH]c2ccccc2n1CCCN1CCN(CC1)C(c1ccccc1)c1ccccc1
BRD-K02292852,CCN1CCN(C(=O)N[C@@H](C(=O)N[C@H]2[C@H]3SCC(CSc4nnnn4C)=C(N3C2=O)C(O)=O)c2ccc(O)cc2)C(=O)C1=O
BRD-K02314383,C[C@]12CC[C@H]3[C@@H](CC[C@H]4C[C@@H]5S[C@@H]5C[C@]34C)[C@@H]1CC[C@@H]2O
BRD-K02404261,Cn1cnc2n(C)c(=O)n(C)c(=O)c12
BRD-K02637541,Cc1ccc(cc1)-c1cc(nn1-c1ccc(cc1)S(N)(=O)=O)C(F)(F)F
BRD-K02867583,Cc1cc(nnc1NCCN1CCOCC1)-c1ccccc1
BRD-K02900412,CC(C)(C)CC(C)(C)c1ccc(O)c(Cc2ccc(Cl)cc2Cl)c1
BRD-K02992638,Nc1ccn([C@@H]2CS[C@H](CO)O2)c(=O)n1
BRD-K03095347,C[C@@H]1CC(=O)NN=C1c1ccc(NN=C(C#N)C#N)cc1
BRD-K03194791,FC(F)Oc1ccc(cc1OCC1CC1)C(=O)Nc1c(Cl)cncc1Cl
BRD-K03289534,CCc1nn(CCO)c(CC)c1Oc1cc(cc(c1)C#N)C#N
BRD-K03353589,CC(C)c1cc2CC[C@H]3[C@@](C)(CCC[C@]3(C)c2cc1S(O)(=O)=O)C(O)=O
BRD-K03384561,CN(C(=O)c1c(O)c2ccccc2n(C)c1=O)c1ccccc1
BRD-K03390685,OC1(CN(C1)C(=O)c1ccc(F)c(F)c1Nc1ccc(I)cc1F)[C@@H]1CCCCN1
BRD-K03601870,C[C@H]1CCC[C@@]2(C)O[C@H]2C[C@H](NC(=O)C[C@H](O)C(C)(C)C(=O)[C@H](C)[C@H]1O)C(\C)=C\c1csc(C)n1
BRD-K03816923,CC(=O)c1c(O)c(C)c(O)c(Cc2c(O)c(C(=O)/C=C/c3ccccc3)c4OC(C)(C)C=Cc4c2O)c1O
BRD-K04111260,CCN1CCC[C@H]1CNC(=O)c1c(O)c(Cl)cc(Cl)c1OC
BRD-K04112579,NC(=O)Cc1cccc(C(=O)c2ccccc2)c1N
BRD-K04185004,CCCCOc1cc(ccc1N)C(=O)OCCN(CC)CC
BRD-K04264130,NC(=O)c1nc(F)cnc1O
BRD-K04704168,Clc1ccc(Cn2c(CN3CCCC3)nc3ccccc23)cc1
BRD-K04804440,OC(=O)c1cn(C2CC2)c2cc(N3CCNCC3)c(F)cc2c1=O
BRD-K04956647,O[C@H](CNC[C@@H](O)[C@@H]1CCc2cc(F)ccc2O1)[C@H]1CCc2cc(F)ccc2O1
BRD-K05236810,Oc1cc(O)c2c(c1)oc(cc2=O)-c1ccc(O)c(O)c1
BRD-K05395900,CN1CCC[C@H]1c1cccnc1
BRD-K05446112,COC(=O)N[C@@H](C(C)C)C(=O)N1CC2(CC2)C[C@H]1c1ncc([nH]1)-c1ccc2-c3ccc(cc3C(F)(F)c2c1)-c1ccc2nc([nH]c2c1)[C@@H]1[C@H]2CC[C@H](C2)N1C(=O)[C@@H](NC(=O)OC)C(C)C
BRD-K05524748,CCCCN(CCCC)CCCOc1ccc(cc1)C(=O)c1c(CCCC)oc2ccc(NS(C)(=O)=O)cc12
BRD-K05658747,Cc1nnc(o1)C(=O)NC(C)(C)c1nc(C(=O)NCc2ccc(F)cc2)c(O)c(=O)n1C
BRD-K05673000,Cc1onc(c1C(=O)N[C@H]1[C@H]2SC(C)(C)[C@@H](N2C1=O)C(O)=O)-c1c(Cl)cccc1Cl
BRD-K05674516,CC(C)OC(=O)[C@H](C)N[P@@](=O)(OC[C@H]1O[C@@H](n2ccc(=O)[nH]c2=O)[C@](C)(F)[C@@H]1O)Oc1ccccc1
BRD-A19633847,C(C(C1CCCCC1)C1CCCCC1)C1CCCCN1
BRD-A24396574,CC1C(=O)C(=O)C=C2C1=CC=C3[C@@]2(C)CCC4(C)[C@@H]5C[C@@](C)(CC[C@]5(C)CC[C@]34C)C(=O)O
BRD-A37704979,CS(=O)c1ccc(cc1)-c1nc(c([nH]1)-c1ccncc1)-c1ccc(F)cc1
BRD-A60245366,N#CC(c1nc2ccccc2s1)c1ccnc(NCCc2cccnc2)n1
BRD-A68009927,COc1cccc2C(=O)c3c(O)c4C[C@](O)(C[C@H](OC5CC(N)C(O)C(C)O5)c4c(O)c3C(=O)c12)C(C)=O
BRD-A68739437,COc1cc(ccc1Nc1ncc2N(C)C(=O)CC(C)N(C3CCCC3)c2n1)C(=O)NC1CCN(C)CC1
BRD-A69815203,CCC1NC(=O)C(C(O)C(C)C\C=C\C)N(C)C(=O)C(C(C)C)N(C)C(=O)C(CC(C)C)N(C)C(=O)C(CC(C)C)N(C)C(=O)C(C)NC(=O)C(C)NC(=O)C(CC(C)C)N(C)C(=O)C(NC(=O)C(CC(C)C)N(C)C(=O)CN(C)C1=O)C(C)C
BRD-A87137733,CCn1c(nc2c(ncc(OCC3CCCNC3)c12)C#CC(C)(C)O)-c1nonc1N
BRD-A90451247,CC1CN(CC(=O)Nc2ccc3Sc4c(Cc3c2)cccc4-c2cc(=O)cc(o2)N2CCOCC2)CC(C)O1
BRD-A92800748,COc1ccc2cc(ccc2c1)-c1nc([nH]c1-c1ccncc1)-c1ccc(cc1)S(C)=O
BRD-A93353767,Clc1ccc(C(Cn2ccnc2)OCc2c(Cl)cccc2Cl)c(Cl)c1
BRD-A94543220,c1cn(cn1)C(c1ccccc1)c1ccc(cc1)-c1ccccc1
BRD-K00337317,O=c1cc(oc2c(cccc12)-c1cccc2c3ccccc3sc12)N1CCOCC1
BRD-K00494077,N[C@H]1[C@@H]2CN(C[C@H]12)c1nc2n(cc(C(O)=O)c(=O)c2cc1F)-c1ccc(F)cc1F
BRD-K01436366,COc1cc(ccc1Nc1ncc2N(C)C(=O)c3ccccc3N(C)c2n1)C(=O)N1CCC(CC1)N1CCN(C)CC1
BRD-K01567962,O=C1c2ccccc2-c2n[nH]c3cccc1c23
BRD-K02265150,Clc1ccc2Oc3ccccc3N=C(N3CCNCC3)c2c1
BRD-K02389548,Cc1ccc(cc1)C(=O)NCCCCCC(=O)Nc1ccccc1N
BRD-K02501528,O=S1(=O)N[C@H]2CCCN2c2ccccc12
BRD-K02943813,COc1c(cc(cc1C(C)(C)C)-n1ccc(=O)[nH]c1=O)-c1ccc2cc(NS(C)(=O)=O)ccc2c1
BRD-K02950022,C[C@@H](N(c1cc(F)ccc1F)S(=O)(=O)c1ccc(Cl)cc1)c1ccc(F)cc1CCCC(O)=O
BRD-K02965346,CN(c1cccc(Cl)c1)S(=O)(=O)c1ccc2NC(=O)\C(=C/c3[nH]c(C)c(C(=O)N4CCN(C)CC4)c3C)c2c1
BRD-K03063480,Cn1cc(cn1)-c1[nH]c2cc(NC(=O)[C@H](N)C3CCCCC3)cc3c2c1cn[nH]c3=O
BRD-K03406345,Nc1ncn([C@@H]2O[C@H](CO)[C@@H](O)[C@H]2O)c(=O)n1
BRD-K04691817,FC(F)(F)c1cccc(NC(=O)Nc2cc(ccc2-c2ccsc2)S(=O)(=O)NC2CC2)c1
BRD-K04801023,Cc1ccc(cc1)S(=O)(=O)Nc1nc2ccccc2nc1Nc1cccc2nsnc12
BRD-K04833372,CCc1cc(Nc2nccc(n2)-c2c(nc3ccccn23)-c2ccc(OC)c(c2)C(=O)Nc2c(F)cccc2F)c(OC)cc1N1CCC(CC1)N1CCN(CC1)S(C)(=O)=O
BRD-K04853698,C1CN(CCN1)c1ccc(cc1)-c1cnc2c(cnn2c1)-c1ccnc2ccccc12
BRD-K04993719,CCCC(CCC)C(=O)Nc1ccn([C@@H]2O[C@H](CO)[C@@H](O)C2(F)F)c(=O)n1
BRD-K05870596,COc1cc(ccc1Nc1nc(N)c(s1)C(=O)c1c(Cl)cccc1Cl)N1CCN(C)CC1
BRD-K05977355,OC(Cn1cncn1)(Cn1cncn1)c1ccc(F)cc1F
BRD-K06240250,Cc1cc(\C=C\C#N)cc(C)c1Nc1ccnc(Nc2ccc(cc2)C#N)n1
BRD-K06294530,NC(=O)c1noc(n1)[C@H](CCCC1CCCCC1)CC(=O)NO
BRD-K06335600,Clc1ccc2nsnc2c1NC1=NCCN1
BRD-K06557128,C[C@@H](c1ncncc1F)[C@](O)(Cn1cncn1)c1ccc(F)cc1F
BRD-K06674495,NC(=N)Nc1ccc(cc1)C(=O)Oc1ccc2cc(ccc2c1)C(N)=N
BRD-K06762493,CC(C)Cn1cnc2n(C)c(=O)n(C)c(=O)c12
BRD-K06878038,Cc1c(O)c(=O)ccn1C
BRD-K06900071,C[C@@H](O)[C@@H]1[C@@H]2[C@H](C)C(SC3CN(C3)C3=NCCS3)=C(N2C1=O)C(=O)OCOC(=O)C(C)(C)C
BRD-K06902185,Nc1cc(nc(N)[n+]1[O-])N1CCCCC1
BRD-K07106112,Cc1c(NC(=O)OC[C@@H]2COCCN2)cn2ncnc(Nc3ccc4n(Cc5cccc(F)c5)ncc4c3)c12
BRD-K07160047,Nc1nc(=O)n(cc1I)[C@@H]1O[C@H](CO)[C@@H](O)[C@@H]1F
BRD-K07208025,COc1cc(Cc2cnc(N)nc2N)cc(OC)c1OC
BRD-K07220430,C(/C=C/c1ccccc1)N2CCN(CC2)C(c3ccccc3)c4ccccc4
BRD-K07237224,Clc1ccc(cc1)C(=O)NCCN1CCOCC1
BRD-K07310275,COc1ccc(cn1)-c1cc2c(C)nc(N)nc2n([C@H]2CC[C@@H](CC2)OCCO)c1=O
BRD-K07572174,COc1cc(ccc1O)\C=C\C(=O)CC(=O)\C=C\c1ccc(O)c(OC)c1
BRD-K07667918,C[C@@]1(O)CC(C1)c1nc(-c2ccc3ccc(nc3c2)-c2ccccc2)c2c(N)nccn12
BRD-K07753030,CCN(CC)CCNC(=O)c1ccc(NC(C)=O)cc1
BRD-K07798980,C[C@@]1(F)[C@H](O)[C@@H](CO)O[C@H]1n1ccc(N)nc1=O
BRD-K07857022,C[C@H]1CN(C[C@H](Cc2ccccc2)C(=O)NCC(O)=O)CC[C@@]1(C)c1cccc(O)c1
BRD-K07859598,Oc1c(Br)cc(cc1Br)\C=C1/C(=O)Nc2ccc(I)cc12
BRD-K07881437,CO[C@@H](C(=O)N1Cc2[nH]nc(NC(=O)c3ccc(cc3)N3CCN(C)CC3)c2C1)c1ccccc1
BRD-K07954936,OC(=O)CCCC[C@@H]1SC[C@@H]2NC(=N)N[C@H]12
BRD-K08037784,OC[C@H]1O[C@@H](Oc2ccc(O)cc2)[C@H](O)[C@@H](O)[C@@H]1O
BRD-K08206212,Nc1nc(=O)c2ncn([C@H]3C[C@H](O)[C@@H](CO)C3=C)c2[nH]1
BRD-K08248804,CN[C@@H](C)C(=O)N[C@@H](C1CCCCC1)C(=O)N1CCC[C@H]1c1nc(cs1)C(=O)c1ccc(F)cc1
BRD-K08252256,OC(=O)Cc1ccccc1Nc1c(Cl)cccc1Cl
BRD-K08547377,CCc1c2Cn3c(cc4c(COC(=O)[C@]4(O)CC)c3=O)-c2nc2ccc(OC(=O)N3CCC(CC3)N3CCCCC3)cc12
BRD-K08586861,OC(=O)CCn1c2CC[C@H](Cc2c2ccccc12)NS(=O)(=O)c1ccc(F)cc1
BRD-K08703257,NC(=O)c1cccc(N)c1
BRD-K08832567,Oc1ccc(cc1)[C@@H]1CC(=O)c2c(O)cc(O)cc2O1
BRD-K08859203,N[C@@H](CCCNC(N)=N)C(=O)NCC(=O)N[C@@H](CC(O)=O)C(=O)N[C@@H](CO)C(O)=O
BRD-K08924299,O=C1N(C[C@H]2CCCc3cccc1c23)[C@@H]1CN2CCC1CC2
BRD-K08976401,OC(=O)CCCCCCCC(O)=O
BRD-K09078998,CO[C@@H]1C[C@H](C[C@@H](C)[C@@H]2CC(=O)[C@H](C)\C=C(C)\[C@@H](O)[C@@H](OC)C(=O)[C@H](C)C[C@H](C)\C=C\C=C\C=C(C)\[C@H](C[C@H]3CC[C@@H](C)[C@@](O)(O3)C(=O)C(=O)N3CCCC[C@H]3C(=O)O2)OC)CC[C@@H]1OP(C)(C)=O
BRD-K09090949,CCNC1(CCN(CC1)c1ncnc2n(c(nc12)-c1ccccc1Cl)-c1ccc(Cl)cc1)C(N)=O
BRD-K09186807,Fc1ccc(Cn2cccc(C(=O)N[C@@H](COc3ccc4[nH]c(=O)[nH]c4c3)c3ccccc3)c2=O)cc1F
BRD-K09255212,Oc1c(I)cc(Cl)c2cccnc12
BRD-K09372874,COc1cc(NC(=O)Nc2cccc(CNC(=O)O[C@H]3CCOC3)c2)ccc1-c1cnco1
BRD-K09397065,NC1CCN(CC1)c1cccc(Cl)n1
BRD-K09426783,CN(C)CCNc1nc2cc(O)ccc2c2-c3ccccc3C(=O)c12
BRD-K09471561,C[C@H]1COc2c(N3CCN(C)CC3)c(F)cc3c2n1cc(C(O)=O)c3=O
BRD-K09537769,O=c1cc(oc2c3ccccc3ccc12)N1CCOCC1
BRD-K09549677,COCC(=O)O[C@]1(CCN(C)CCCc2nc3ccccc3[nH]2)CCc2cc(F)ccc2[C@@H]1C(C)C
BRD-K09602097,CC(=O)O[C@H]1[C@@H](O)[C@H]2C(C)(C)CC[C@H](O)[C@]2(C)[C@@]2(O)C(=O)C[C@@](C)(O[C@]12C)C=C
BRD-K09711437,CCc1c(C(=O)C(N)=O)c2c(OCC(O)=O)cccc2n1Cc1ccccc1
BRD-K09991945,Ic1cccc(CSc2nnc(o2)c3ccncc3)c1
BRD-K10670311,OC(=O)c1cc(ccc1O)\N=N\c1ccc(cc1)S(=O)(=O)Nc1ccccn1
BRD-K10843433,CCCCC1C(=O)N(N(C1=O)c1ccccc1)c1ccccc1
BRD-K10845183,OP(O)(=O)C(Sc1ccc(Cl)cc1)P(O)(O)=O
BRD-K10852020,Cc1ccc(cc1)C(=O)c1cc(O)c(O)c(c1)[N+]([O-])=O
BRD-K10859802,CC(C)OC(=O)N1CCC(CC1)Oc1ncnc2n(ncc12)-c1ccc(cc1F)S(C)(=O)=O
BRD-K10961822,CC(C)OC(=O)CCC\C=C/C[C@H]1[C@@H](O)C[C@@H](O)[C@@H]1CC[C@@H](O)CCc1ccccc1
BRD-K11071038,NC(=O)CCCCn1ccc(n1)\N=C(/N)NCC(F)(F)F
BRD-K11073688,CC(=O)Nc1ccc(cc1)C(=O)NC(C)(C)C
BRD-K11129031,Cc1ccc(C)c(OCCCC(C)(C)C(O)=O)c1
BRD-K11196887,CCn1cc(C(O)=O)c(=O)c2cc(F)c(cc12)N1CCNCC1
BRD-K11399644,NC(=N)NC(=N)NCCc1ccccc1
BRD-K11433652,CC(=O)Oc1ccccc1C(O)=O
BRD-K11717138,CCc1oc2ccccc2c1C(=O)c1cc(Br)c(O)c(Br)c1
BRD-K11973162,Clc1c(CN2CCCC2=N)[nH]c(=O)[nH]c1=O
BRD-K12040459,Clc1ccc(cc1)C1(CCNCC1)c1ccc(cc1)-c1cn[nH]c1
BRD-K12219985,Cc1cnc(cn1)C(=O)NCCc1ccc(cc1)S(=O)(=O)NC(=O)NC1CCCCC1
BRD-K12423485,COc1cc(OC)c(Cl)c2O[C@@]3([C@H](C)CC(=O)C=C3OC)C(=O)c12
BRD-K12502280,Cc1cnc(Nc2ccc(OCCN3CCCC3)cc2)nc1Nc1cccc(c1)S(=O)(=O)NC(C)(C)C
BRD-K12539416,CC(C)C(=O)OCC\C(SS\C(CCOC(=O)C(C)C)=C(/C)N(Cc1cnc(C)nc1N)C=O)=C(\C)N(Cc1cnc(C)nc1N)C=O
BRD-K12609457,CCCCCCOc1ccccc1C(N)=O
BRD-K12735121,Cc1cc(cc2nnc(Nc3ccc(OCCN4CCCC4)cc3)nc12)-c1cc(OC(=O)c2ccccc2)ccc1Cl
BRD-K12737986,C[C@]1(CCCN1)c1nc2c(cccc2[nH]1)C(N)=O
BRD-K12867552,CN(C)Cc1c(oc2ccccc12)C(=O)NCCOc1ccc(cc1)C(=O)NO
BRD-K12885236,Cc1cc(C)c(Nc2ccnc(Nc3ccc(cc3)C#N)n2)c(C)c1
BRD-K12932420,CCc1ccc2c(nc(=O)n(CC)c2n1)-c1cccc(Cl)c1
BRD-K12994359,Cc1onc(c1-c1ccc(cc1)S(N)(=O)=O)-c1ccccc1
BRD-K13094524,COc1ccccc1S(=O)(=O)Nc1ccc2NC(=O)N(C)Cc2c1
BRD-K13154216,CO[C@@H]1C[C@H](C[C@H](C)[C@@H]2CC(=O)[C@H](C)\C=C(C)\[C@H](O)[C@@H](OC)C(=O)[C@H](C)C[C@H](C)\C=C\C=C\C=C(C)\[C@H](C[C@@H]3CC[C@@H](C)[C@@](O)(O3)C(=O)C(=O)N3CCCC[C@H]3C(=O)O2)OC)CC[C@H]1OCCO
BRD-K13183738,NC(=N)c1ccc(OCCCCCOc2ccc(cc2)C(N)=N)cc1
BRD-K13296708,Cc1c(nn(c1-c1ccc(Cl)cc1)-c1ccc(Cl)cc1Cl)C(=O)NN1CCCCC1
BRD-K13356952,CC(=O)N=c1sc(nn1C)S(N)(=O)=O
BRD-K13566078,Cc1cnc2c(NCCN)nc3ccc(C)cc3n12
BRD-K13646352,CO[C@@H]1[C@@H](C[C@H]2O[C@]1(C)n1c3ccccc3c3c4CNC(=O)c4c4c5ccccc5n2c4c13)N(C)C(=O)c1ccccc1
BRD-K13756951,C[C@H](Oc1ccc(cc1C(=O)N1CCN(CC1)c1ncc(cc1F)C(F)(F)F)S(C)(=O)=O)C(F)(F)F
BRD-K14109347,Cc1cnc(NC(=O)Nc2cc(Br)c(C)cc2OC[C@@H]2CNCCO2)cn1
BRD-K14175878,CO[C@@H]1COCC[C@@H]1N[C@@H]1CC[C@](C1)(C(C)C)C(=O)N1CCc2ncc(cc2C1)C(F)(F)F
BRD-K14529030,CN1C(=O)\C(c2ccccc12)=C1\C(=O)Nc2ccccc12
BRD-K14619660,C[C@]12C=CC3=C4CCC(=O)C=C4CC[C@H]3[C@@H]1CC[C@]2(O)CC=C
BRD-K14653796,COc1cccc2n(C)c(=O)c(C(=O)N(C)c3ccc(cc3)C(F)(F)F)c(O)c12
BRD-K14704277,CCn1nc(C(O)=O)c(=O)c2cc3OCOc3cc12
BRD-K14796088,COc1ccc2cc3-c4cc5OCOc5cc4CC[n+]3cc2c1OC
BRD-K14870255,Nc1nc(Nc2ccc3CC[C@@H](CCc3c2)N2CCCC2)nn1-c1cc2CCCc3ccccc3-c2nn1
BRD-K14993104,CCC1(C)CC(=O)NC(=O)C1
BRD-K15010214,CCOCCn1c(nc2ccccc12)N1CCCN(C)CC1
BRD-K15108141,Nc1ccn([C@@H]2O[C@H](CO)[C@@H](O)C2(F)F)c(=O)n1
BRD-K15318383,C[C@]12CC[C@@](C)(C[C@H]1C1=CC(=O)[C@@H]3[C@]4(C)CC[C@H](O[C@H]5O[C@@H]([C@@H](O)[C@H](O)[C@@H]5O[C@@H]5O[C@@H]([C@@H](O)[C@H](O)[C@H]5O)C(O)=O)C(O)=O)C(C)(C)[C@@H]4CC[C@@]3(C)[C@]1(C)CC2)C(O)=O
BRD-K15409150,OC1(CCN(CCCC(c2ccc(F)cc2)c2ccc(F)cc2)CC1)c1ccc(Cl)c(c1)C(F)(F)F
BRD-K15426076,CS(=O)(=O)Nc1cc2occ(NC=O)c(=O)c2cc1Oc1ccccc1
BRD-K15502390,Cc1ccnc2c1NC(=O)c1cccnc1N2C1CC1
BRD-K15507868,CCO[C@@H](Cc1ccc(OCCc2ccc(OS(C)(=O)=O)cc2)cc1)C(O)=O
BRD-K15567136,COc1ccc(Cc2nccc3cc(OC)c(OC)cc23)cc1OC
BRD-K15592317,COc1cc2ncnc(-n3nc(nc3N)-c3ccccn3)c2cc1OC
BRD-K15766189,Nc1nc(cs1)C(=N\O)\C(=O)N[C@H]1[C@H]2SCC(C=C)=C(N2C1=O)C(O)=O
BRD-K15916496,Clc1ccccc1C(c1ccccc1)(c1ccccc1)n1ccnc1
BRD-K15933101,CCCN(CCC)CCc1cccc2NC(=O)Cc12
BRD-K15976406,Cc1cn([C@@H]2C[C@@H](O)[C@H](CO)O2)c(=O)[nH]c1=O
BRD-K16037980,O=C(CC(c1ccccc1)c1ccccc1)N1CCN(CC1)C(c1ccccc1)c1ccccc1
BRD-K16077845,OC(=O)Cc1sc(nc1-c1ccc(Cl)cc1)-c1ccccc1
BRD-K16133773,CC(=O)O[C@H]1CC[C@]2(C)[C@@H]3CC[C@@]4(C)[C@@H](CC=C4c4cccnc4)[C@H]3CC=C2C1
BRD-K16189898,Cc1c[nH]c(n1)-c1cnc(NCCNc2ccc(cn2)C#N)nc1-c1ccc(Cl)cc1Cl
BRD-K16195444,Cc1cc(c(O)c(C)c1CC1=NCCN1)C(C)(C)C
BRD-K16295392,CCCCN(CCCC)C(=O)CN1C[C@@H]([C@H]([C@@H]1c1ccc(OC)cc1)C(O)=O)c1ccc2OCOc2c1
BRD-K16444452,CC(C)C(=O)c1c(nn2ccccc12)C(C)C
BRD-K16478699,CCCS(=O)(=O)Nc1ccc(F)c(C(=O)c2c[nH]c3ncc(Cl)cc23)c1F
BRD-K16485616,Nc1ccccc1NC(=O)c1ccc(CNc2nccc(n2)-c2cccnc2)cc1
BRD-K16508793,CN1c2ccc(Cl)cc2C(=NCC1=O)c1ccccc1
BRD-K16542329,CCCOc1ccccc1-c1nc2[nH]nnc2c(=O)[nH]1
BRD-K16732600,COc1ccc2cc(ccc2c1)-c1cc(nn1[C@@H](C)c1ccc(cc1)C(=O)NCCC(O)=O)-c1cc(Cl)cc(Cl)c1
BRD-K16757695,Fc1ccc(CN2CCC(CC2)Nc2ncnc3sc(Cl)cc23)cc1C#N
BRD-K16762525,CC[C@H]1OC(=O)[C@H](C)[C@H](O[C@@H]2C[C@@](C)(OC)[C@@H](O)[C@H](C)O2)[C@H](C)[C@@H](O[C@@H]2O[C@H](C)C[C@@H]([C@@H]2O)N(C)C)[C@@](C)(C[C@@H](C)C(=O)[C@H](C)[C@@H](O)[C@]1(C)O)OC
BRD-K16803204,O=C(Nc1nc2cccc(-c3ccc(CN4CCS(=O)(=O)CC4)cc3)n2n1)C1CC1
BRD-K16898998,CC(=C)[C@@H]1CC[C@@]2(CC[C@]3(C)[C@H](CC[C@@H]4[C@@]5(C)CC[C@H](OC(=O)CC(C)(C)C(O)=O)C(C)(C)[C@@H]5CC[C@@]34C)[C@@H]12)C(O)=O
BRD-K17026858,CN1CCN(CC1)c1ccc2nc([nH]c2c1)-c1ccc2nc([nH]c2c1)-c1ccc(O)cc1
BRD-K17068645,Cn1c(CCCC(O)=O)nc2cc(ccc12)N(CCCl)CCCl
BRD-K17075857,Oc1c(Cl)cc(Cl)c2cccnc12
BRD-K17203476,C[C@@H](Oc1ccc2[nH]nc(\C=C\c3cnn(CCO)c3)c2c1)c1c(Cl)cncc1Cl
BRD-K17498618,COc1ccc(C[C@@H]2c3cc(OC)c(OC)cc3CC[N@+]2(C)CCC(=O)OCCCCCOC(=O)CC[N@@+]2(C)CCc3cc(OC)c(OC)cc3[C@H]2Cc2ccc(OC)c(OC)c2)cc1OC
BRD-K17500877,Nc1nc(-c2ccccc2)c(Br)c(=O)[nH]1
BRD-K17513304,CCOCc1cc(OC)c(-c2ccc(C[C@H](NC(=O)c3c(F)cccc3F)C(O)=O)cc2)c(OC)c1
BRD-K17555800,C[C@H]1CN([C@H](C)CN1Cc1ccc(F)cc1)C(=O)c1cc2c(cn(C)c2cc1Cl)C(=O)C(=O)N(C)C
BRD-K17561142,CCCCc1oc2ccccc2c1C(=O)c1cc(I)c(OCCN(CC)CC)c(I)c1
BRD-K17588104,Cc1sc-2c(c1C)C(=N[C@H](CC(=O)OC(C)(C)C)c1nnc(C)n-21)c1ccc(Cl)cc1
BRD-K17705806,CCc1ccc(OCc2ccccc2C(=O)Nc2ccc3nc(C)cc(N)c3c2)cc1
BRD-K17849083,COc1ccc(\C=C\C(=O)Nc2ccccc2C(O)=O)cc1OC
BRD-K17894950,O=C1Nc2ccccc2\C1=C1\Nc2ccccc2C1=O
BRD-K17930269,C[C@H]1CC[C@@]23CCC(=O)[C@H]2[C@]1(C)[C@@H](C[C@](C)(C=C)[C@@H](O)[C@@H]3C)OC(=O)CS[C@H]1C[C@@H]2CC[C@H](C1)N2C
BRD-K17944737,C[C@@H]1CC[C@H]2[C@@H](C)[C@H](OC(=O)CCC(O)=O)O[C@@H]3O[C@]4(C)CC[C@@H]1[C@@]23OO4
BRD-K17953908,NC1=N[C@]2(COC[C@@H]2CS1)c1cc(NC(=O)c2ccc(F)cn2)ccc1F
BRD-K18157228,Nc1nc(=O)n(cc1F)[C@H]1C[C@H](O)[C@@H](CO)O1
BRD-K18194590,CNC(C)(C)Cc1ccccc1
BRD-K18324993,CC(C)(C)N1CCC(CC1)(c1ccccc1)c1ccccc1
BRD-K20526256,CN1CCN(CC1)C2CCN(CC2)C3=CC(=C(C=C3)NC4=NC=C(C(=N4)C5=CNC6=CC=CC=C65)Cl)OC
BRD-K21025364,CNC(=O)c1ccccc1Nc1nc(Nc2ccc(cc2OC)N2CCOCC2)ncc1Cl
BRD-K21906513,Brc1cncc(c1)C(=O)N1CCC(CC1)N1CCCC1
BRD-K22096725,Cc1ccc(cc1Nc1cncc(c1)C(N)=O)C(=O)Nc1cccc(c1)C(F)(F)F
BRD-K24050847,CC1=C(C=C(C=C1)NC2=NC=NC(=C2)C3=CC(=CC=C3)N4C(=O)C5=CC=CC=C5C4=O)NS(=O)(=O)C
BRD-K24515980,Cc1ccc(cc1NC(=O)c1ccno1)C(=O)Nc1cc(NC(=O)C=C)cc(c1)C(F)(F)F
BRD-K24859147,COCCNCCCn1c(C(=O)CF)c(-c2ccc(C)cc2)c2c(N)ncnc12
BRD-K25340465,FC(F)(F)Oc1ccc(NC(=O)c2sccc2NCc2ccnc3ccccc23)cc1
BRD-K26756394,CS(=O)(=O)c1ccc(cc1)-c1cnc(N)c(n1)C(=O)Nc1ccccc1
BRD-K26760349,CC1=C(C(=CC=C1)C)NC(=O)N(C2=C(C=C(C=C2)OC)OC)C3=NC=NC(=C3)NC4=C(C=C(C=C4)N5CCN(CC5)C)OC
BRD-K26838195,Fc1cccc(COc2ccc(Nc3ncnc4ccc(NC(=O)C=C)cc34)cc2Cl)c1
BRD-K29415052,COc1ccc(cn1)-c1ccc2ncc3n(C)c(=O)n(-c4ccc(N5CCNCC5)c(c4)C(F)(F)F)c3c2c1
BRD-K29983336,COc1ccc2c(Oc3ccc(NC(=O)c4c(C)n(CC(C)(C)O)n(-c5ccccc5)c4=O)cc3F)ccnc2c1
BRD-K30632436,CCOC1=CC=CC=C1C(=O)NC2=CC(=C(C=C2)Cl)C(F)(F)F
BRD-K31313613,CC(C)c1cnn2c(NCc3ccccc3)cc(NCCCCCCN)nc12
BRD-K32536677,Clc1ccc(Cl)c(c1)c2ccc(/C=C(\C#N)/C(=O)Nc3cccc4ncccc34)o2
BRD-K32847255,C1CN(CCC2=CC=CC=C21)C3=CC(=NC(=N3)C4=CC=CC=N4)NCCC(=O)[O-]
BRD-K36363294,COc1cc2c3n([C@H](C)c4ccccn4)c(=O)[nH]c3cnc2cc1-c1c(C)noc1C
BRD-K37720887,Cc1cccc(n1)-c1[nH]c(nc1-c1ccc2nccnc2c1)C(C)(C)C
BRD-K41918892,Oc1ccccc1-c1ccc(cc1)-c1csc2[nH]c(=O)c(C#N)c(O)c12
BRD-K42436189,C[C@@H]1COCCN1c1cc(nc(n1)-c1cccc2[nH]ccc12)C1(CC1)S(C)(=O)=O
BRD-K42728290,CCN1CCN(CC1)c1ccc(Nc2cc(ncn2)N(C)C(=O)Nc2c(Cl)c(OC)cc(OC)c2Cl)cc1
BRD-K42828737,CCN(CC)CCNC(=O)c1c(C)[nH]c(\C=C2/C(=O)Nc3ccc(F)cc23)c1C
BRD-K43002773,C[C@@H]1C[C@H](C2=C1C(=NC=N2)N3CCN(CC3)C(=O)[C@H](CNC(C)C)C4=CC=C(C=C4)Cl)O
BRD-K44227013,CN1CCN(Cc2ccc(NC(=O)c3ccc(C)c(c3)C#Cc3cnc4cccnn34)cc2C(F)(F)F)CC1
BRD-K47029922,N[C@@H]1C[C@H]1c1ccccc1
BRD-K47983010,Ic1cnc(Nc2cccc(NC(=O)N3CCCC3)c2)nc1NCCCNC(=O)c1cccs1
BRD-K49055432,Cc1nc(NC(=O)N2CCC[C@H]2C(N)=O)sc1-c1csc(n1)C(C)(C)C
BRD-K49468759,CCN1CCC(CC1)n1cc(CNc2cc(Cl)c3ncc(C#N)c(Nc4ccc(F)c(Cl)c4)c3c2)nn1
BRD-K50000283,O=C1NCCc2[nH]c(cc12)-c1ccncc1
BRD-K50387473,CCOc1cc(ccc1Nc1ncc2N(C)C(=O)c3ccccc3N(C)c2n1)N1CCC(O)CC1
BRD-K51575138,NC(=O)Nc1sc(cc1C(N)=O)-c1ccc(F)cc1
BRD-K53281329,COc1ccc(cc1OC)-c1cc2nccn2c(Nc2ncccc2C(N)=O)n1
BRD-K53328210,COC1=CC=C(C=C1)C2(CCOCC2)CNC(=O)C3=CC=C(C=C3)NC(=O)C4=CC=CO4
BRD-K53561341,CCN1CCN(CC1)C(=O)Cc1ccc(Nc2ncc(F)c(Nc3ccc(cc3)C(=O)Nc3ccccc3Cl)n2)cc1
BRD-K54606188,Cc1sc-2c(c1C)C(=N[C@@H](CC(=O)OC(C)(C)C)c1nnc(C)n-21)c1ccc(Cl)cc1
BRD-K55187425,COc1cc(OC)c(\C=C\S(=O)(=O)Cc2ccc(OC)c(NCC(O)=O)c2)c(OC)c1
BRD-K55591206,Oc1cc(O)c2C[C@@H](OC(=O)c3cc(O)c(O)c(O)c3)[C@H](Oc2c1)c1cc(O)c(O)c(O)c1
BRD-K56277358,Cn1cnc(c1)-c1cc2nccc(Oc3ccc(NC(=S)NC(=O)Cc4ccccc4)cc3F)c2s1
BRD-K59184148,Cn1cc(C2=C(C(=O)NC2=O)c2ccc(Cl)cc2Cl)c2ccccc12
BRD-K60219430,C(Cc1c[nH]c2ccccc12)Nc1cccc(Nc2ccncc2)c1
BRD-K64857848,COc1cc(ccc1Nc1ncc2N(C)C(=O)c3ccccc3N(C)c2n1)N1CCN(C)CC1
BRD-K66847579,CCN(CC)CCCCNc1ncc2CN(C(=O)N(C)c2n1)c1c(Cl)c(OC)cc(OC)c1Cl
BRD-K66989831,CCCCCCCCCCCCCCCc1cccc(O)c1C(O)=O
BRD-K67578145,OCCn1cc(c(n1)-c1ccncc1)-c1ccc2c(CC\C2=N/O)c1
BRD-K68191783,Cc1cn(cn1)-c1cc(cc(c1)C(F)(F)F)C(=O)Nc1ccc(C)c(NC(=O)c2ccno2)c1
BRD-K68336408,COc1cc2ncnc(Nc3cccc(Cl)c3)c2cc1OC
BRD-K68407802,COc1cc2ncnc(Nc3cc(Br)c(O)c(Br)c3)c2cc1OC
BRD-K68548958,CC1=NN(C(=O)C\1=C\c1ccc(o1)-c1cc(C)c(C)cc1[N+]([O-])=O)c1ccc(cc1)C(O)=O
BRD-K68756823,Nc1[nH]nc2nnc(cc12)-c1c(nn2ccccc12)-c1ccccc1
BRD-K70642949,CNc1nc(cc(n1)-c1ccc2c(N)n[nH]c2c1)N1C[C@H](CC[C@H]1C)C(=O)NC1CCCCC1
BRD-K72420232,COc1cc(ccc1Nc1ncc(Cl)c(Oc2cccc(NC(=O)C=C)c2)n1)N1CCN(C)CC1
BRD-K72703948,COc1cc2c(Nc3ccc(NC(=O)c4ccccc4)cc3)ncnc2cc1OCCCN1CCOCC1
BRD-K73368362,CN(C)Cc1cccc(N\C(c2ccccc2)=C2/C(=O)Nc3cc(ccc23)C(=O)N(C)C)c1
BRD-K75308783,COc1cc(Nc2nc3ccccc3nc2NS(=O)(=O)c2ccc(NC(=O)c3ccc(C)c(OC)c3)cc2)cc(OC)c1
BRD-K76401790,C1CCC2=C(C1)C(=C(S2)NC(=O)C3=CC=CC4=CC=CC=C43)C#N
BRD-K76694128,CNC(=O)c1cc(Oc2ccc(NC(=O)Nc3cc(nn3-c3ccc4ncccc4c3)C(C)(C)C)c(F)c2)ccn1
BRD-K76969307,C1COC[C@@H]1N2C3=NC(=NC=C3N=C2NC4=C(C=C(C=C4F)F)F)NC5CCC(CC5)O
BRD-K78790801,CC1CCN(CC1)C2=C(C=CC(=C2)N3CCN(CC3)C)NC(=O)C4=CC(=CN4)C#N
BRD-K79018442,C1CC1COC2=CC=CC(=O)C2=C3C=C(C(=C(N3)N)C#N)C4CCNCC4
BRD-K79239947,CS(=O)(=O)c1cccc(CNc2nc(Nc3ccc4NC(=O)CCc4c3)ncc2C(F)(F)F)c1
BRD-K79259477,Cc1ccc(cc1Nc1nc(nc2n(C)ncc12)-c1cccnc1)C(=O)Nc1cccc(c1)C(F)(F)F
BRD-K82181189,CC1=CC(=C(C=C1NN=C2C=C(C(=O)C=C2N)C)S(=O)(=O)O)C
BRD-K82484347,C1CN(CCC2=CC=CC=C21)C3=CC(=NC(=N3)C4=CN=CC=C4)NCCC(=O)[O-]
BRD-K83189926,O=C(N1CCC(CC1)N1CCCC1)c1ccc(C(=O)N2CCC(CC2)N2CCCC2)c(Nc2ccccc2)c1
BRD-K83452553,CN(C)NC(=O)CCC(=O)O
BRD-K83972459,CCN1CCN(Cc2ccc(Nc3ncc4N(C)C(=O)c5ccccc5N(C)c4n3)cc2C(F)(F)F)CC1
BRD-K86856088,CC(C)N1CCC(CC1)NC2=NC(=NC3=CC(=C(C=C32)OC)OCCCN4CCCC4)C5CCCCC5
BRD-K87904882,C[N+]1=C2C(=C3C=CC(=C(C3=C1)OC)OC)C=CC4=CC5=C(C=C42)OCO5
BRD-K88560311,CNCc1ccc(cc1)-c1[nH]c2cc(F)cc3C(=O)NCCc1c23
BRD-K89391146,OC(=O)[C@H](Cc1c[nH]c2ccccc12)N1C(=O)c2ccccc2C1=O
BRD-K91900765,Fc1ccc(Sc2ccc3c(-c4c(Cl)cccc4Cl)c(=O)ncn3n2)c(F)c1
BRD-K94335714,CN1C=C(C=C1C=CC(=O)NO)C=CC(=O)C2=CC(=CC=C2)F
BRD-K97056771,NC(=O)c1cccc(c1)-c1cc(Nc2ccc(OC(F)(F)F)cc2)ncn1
BRD-K98143437,COc1nccc(n1)c2c(ncn2C3CCC(O)CC3)c4ccc(F)cc4
BRD-K98203492,CCOC(=O)CCNc1cc(nc(n1)-c1ccccn1)N1CCc2ccccc2CC1
BRD-K98251413,OC(=O)CNC(=O)c1c(O)c2ccccc2n(Cc2ccccc2)c1=O
BRD-K99616396,CC1(C)CNc2cc(NC(=O)c3cccnc3NCc3ccncc3)ccc12
BRD-U07805514,CN1CCN(CC1)CCOC2=CC(=C3C(=C2)N=CN=C3NC4=C(C=CC5=C4OCO5)Cl)OC6CCOCC6
BRD-U24835547,C1=CC2=NC=CC(=C2C=C1C=C3C(=O)NC(=O)S3)C4=CC=NC=C4
BRD-U70626184,CC[C@@H]1C(=O)N(C2=CN=C(N=C2N1C3CCCC3)NC4=C(C=C(C=C4)C(=O)NC5CCN(CC5)C)OC)C
BRD-U86686840,C1C[C@H](CNC1)NC(=O)C2=C(C=C(S2)C3=CC(=CC=C3)F)NC(=O)N
BRD-A18705706,OCC1OC(C(O)C1O)n1cccnc1=O
BRD-A35108200,CC1CC2C3CCC4=CC(=O)C=CC4(C)C3(F)C(O)CC2(C)C1(O)C(=O)CO
BRD-A67788537,CC(C(=O)Nc1cccc(c1)\N=C\c1c(O)ccc2ccccc12)c1ccccc1
BRD-A69563582,CC(C)N(CC1OC(C(O)C1O)n2cnc3c(N)ncnc23)C4CC(CCc5nc6cc(ccc6[nH]5)C(C)(C)C)C4
BRD-K06388322,CCCN[C@H]1CCc2nc(N)sc2C1
BRD-K06569345,COc1cc(ccc1Nc1nc(N)c(Cl)c(Nc2ccccc2S(=O)(=O)C(C)C)n1)N1CCC(CC1)C(N)=O
BRD-K06692906,Oc1ccc(cc1O)c2oc3c(O)c(O)cc(O)c3c(=O)c2O
BRD-K06858286,CO[C@@H]1C[C@H]2OC[C@@]2(OC(C)=O)[C@H]2[C@@H](OC(=O)c3ccccc3)[C@@]3(O)C[C@H](OC(=O)[C@H](O)[C@@H](NC(=O)OC(C)(C)C)c4ccccc4)C(C)=C([C@@H](OC)C(=O)[C@]12C)C3(C)C
BRD-K07609981,CCCCCN(CCCOC)C(=O)[C@@H](CCC(O)=O)NC(=O)c1ccc(Cl)c(Cl)c1
BRD-K12343256,CC(=O)Nc1cccc(c1)-n1c2c(C)c(=O)n(C)c(Nc3ccc(I)cc3F)c2c(=O)n(C2CC2)c1=O
BRD-K13926615,CCCc1nc(C)c2n1nc([nH]c2=O)-c1cc(ccc1OCC)S(=O)(=O)N1CCN(CC)CC1
BRD-K15179879,CC(C)C[C@H](NC(=O)[C@H](CCc1ccccc1)NC(=O)CN1CCOCC1)C(=O)N[C@@H](Cc1ccccc1)C(=O)N[C@@H](CC(C)C)C(=O)[C@@]1(C)CO1
BRD-K18673820,Nc1nc(=O)c2nc(CNc3ccc(cc3)C(=O)N[C@@H](CCC(O)=O)C(O)=O)cnc2[nH]1
BRD-K18678457,CCN(c1ccccc1)c1cc(NC)[n+](C)c(C)n1
BRD-K18779551,CNCCCCOc1ccccc1Cc1ccccc1
BRD-K18850819,OC(=O)CC[C@H]1CC[C@@](CC1)(c1cc(F)ccc1F)S(=O)(=O)c1ccc(Cl)cc1
BRD-K18922609,CN(C)C(=O)Oc1cccc(c1)[N+](C)(C)C
BRD-K18961567,Cc1ccc(C(=O)Nc2ccc(Oc3cc4cnn(C)c4cc3-c3cn[nH]c3)c(F)c2)c(=O)n1-c1ccc(F)cc1
BRD-K19061412,FC(F)(F)c1ccc(\C=C\c2nc(COc3ccc(CCCCn4ccnn4)cc3)co2)cc1
BRD-K19085898,CCN(CC)CCN(Cc1ccc(cc1)-c1ccc(cc1)C(F)(F)F)C(=O)Cn1c2CCCc2c(=O)nc1SCc1ccc(F)cc1
BRD-K19111024,CC(C)(Oc1ccc(Cl)cc1)C(O)=O
BRD-K19220233,N#Cc1cc(cc(c1)-c1ccnc(Nc2ccc(cc2)-n2cnc(n2)-c2cccnc2)n1)N1CCOCC1
BRD-K19284129,COC(=O)[C@@H]1C[C@H](OC(C)=O)C(=O)[C@H]2[C@@]1(C)CC[C@H]1C(=O)O[C@@H](C[C@]21C)c1ccoc1
BRD-K19352500,CN1CCN(CCCN2c3ccccc3Sc3ccc(Cl)cc23)CC1
BRD-K19388745,CN(C)CCC(=O)O[C@@H]1[C@H](OC(C)=O)[C@@]2(C)O[C@](C)(CC(=O)[C@]2(O)[C@@]2(C)[C@@H](O)CCC(C)(C)[C@H]12)C=C
BRD-K19412355,COc1nccc(n1)-c1c(ncn1C1CCNCC1)-c1ccc(F)cc1
BRD-K19416115,N[C@@H](CC(=O)N1CCn2c(C1)nnc2C(F)(F)F)Cc1cc(F)c(F)cc1F
BRD-K19438463,[O-][N+](=O)c1cc2[nH]c(=O)c(=O)[nH]c2cc1C#N
BRD-K19456237,NC(=O)CN1CCCC1=O
BRD-K19462402,COc1cc(OC)c(C(=O)CCCN2CCCC2)c(OC)c1
BRD-K19601669,N#CC[C@@H](C1CCCC1)n1cc(cn1)-c1ncnc2[nH]ccc12
BRD-K19741547,COc1ccc(CCO[C@@H]2CCCC[C@H]2N2CC[C@@H](O)C2)cc1OC
BRD-K19761926,COC(=O)[C@@H]1CC2=CC(=O)CC[C@]2(C)[C@@]23O[C@@H]2C[C@@]2(C)[C@@H](CC[C@@]22CCC(=O)O2)[C@H]13
BRD-K19939891,Cc1ccccc1CN1C2=NCCN2C(=O)C2=C1CCN(Cc1ccccc1)C2
BRD-K20001883,COc1cc(OC)c2c(c1)[nH]c(nc2=O)-c1cc(C)c(OCCO)c(C)c1
BRD-K20008181,OC(=O)C[C@H]1CC[C@@H](CC1)c1ccc(cc1)-c1ccc(Nc2ccc(nc2)C(F)(F)F)cn1
BRD-K20079257,NC(=O)c1cn(Cc2c(F)cccc2F)nn1
BRD-K20141153,CNCC[C@@H](Oc1ccccc1C)c1ccccc1
BRD-K20696416,C1CN(C1)CC2CC(C2)N3C=C(C4=C3N=CN=C4N)C5=CC(=CC=C5)OCC6=CC=CC=C6
BRD-K20722021,COc1cc2ncnc(Oc3cccc(NC(=O)Nc4cc(on4)C(C)(C)C(F)(F)F)c3)c2cc1OC
BRD-K20738689,Cc1c(Cn2ccnc2)c2ccccc2n1CCC(O)=O
BRD-K20745393,Cc1[nH]c(=O)c(cc1-c1ccc2nccn2c1)C#N
BRD-K20897876,O[C@H]1CCN2C[C@H](O)[C@@H](O)[C@H](O)[C@@H]12
BRD-K20920669,OC(COc1cccc2oc(cc(=O)c12)C(O)=O)COc1cccc2oc(cc(=O)c12)C(O)=O
BRD-K20958582,Cn1c(COP(=O)(NCCBr)NCCBr)cnc1[N+]([O-])=O
BRD-K21071223,OC(=O)CCc1c[nH]c2ccccc12
BRD-K21283037,Nc1nc2ccc(OC(F)(F)F)cc2s1
BRD-K21295289,NC(=O)C(c1ccccc1)(c1ccc(F)cc1)c1ccc(F)cc1
BRD-K21361524,FC(F)(F)c1cc(cc(c1)C(F)(F)F)-c1ncn(\C=C/C(=O)NNc2cnccn2)n1
BRD-K21396683,CNC(=O)[C@@H](NC(=O)[C@H](CC(C)C)[C@H](O)C(=O)NO)C(C)(C)C
BRD-K21450440,NS(=O)(=O)c1cc2c(cc1Cl)N=C(CSCc1ccccc1)NS2(=O)=O
BRD-K21547160,CCC(=O)N(c1ccccc1)C1(COC)CCN(CCc2cccs2)CC1
BRD-K21548250,CCOC(=O)Nc1ccc2Sc3ccccc3N(C(=O)CCN3CCOCC3)c2c1
BRD-K21670884,CC(C)c1ccc(cc1S(C)(=O)=O)C(=O)N=C(N)N
BRD-K21884483,CN(C1CCN(CC1)c1nc2ccccc2n1Cc1ccc(F)cc1)c1nccc(=O)[nH]1
BRD-K21908111,N[C@@H]1CCCN(C1)c1c(cccc1-c1ccccc1)\C=C1/SC(=O)NC1=O
BRD-K22024824,CC(C)(C(=O)NCC(F)(F)C(F)(F)F)C(=O)N[C@H]1c2ccccc2-c2ccccc2NC1=O
BRD-K22031190,OC(=O)c1cc(ccc1O)-c1ccc(F)cc1F
BRD-K22097830,CC(C)c1ccc(cc1)C(=O)NCCOc1ccc(cc1)C(O)=O
BRD-K22134346,CCC(C)(C)C(=O)O[C@H]1C[C@@H](C)C=C2C=C[C@H](C)[C@H](CC[C@@H]3C[C@@H](O)CC(=O)O3)[C@@H]12
BRD-K22482860,Nc1ccncc1
BRD-K22662435,Nc1nc2n(COC(CO)CO)cnc2c(=O)[nH]1
BRD-K22749967,C[C@@H]1CCCN1CCc1cc2cc(ccc2o1)-c1ccc(cc1)C#N
BRD-K22822991,CC(C)(F)C[C@H](N[C@@H](c1ccc(cc1)-c1ccc(cc1)S(C)(=O)=O)C(F)(F)F)C(=O)NC1(CC1)C#N
BRD-K22861715,Oc1cc(O)c2c(c1)oc(cc2=O)-c1ccccc1
BRD-K22936972,CN1CCC(CC1)OC(c1ccccc1)c1ccccc1
BRD-K22969690,OC[C@H](NC(=O)C(Cl)Cl)[C@H](O)c1ccc(cc1)[N+]([O-])=O
BRD-K23082237,CC(C)(C)[C@@]1(O)CCN2C[C@@H]3c4ccccc4CCc4cccc([C@H]2C1)c34
BRD-K23190681,CN1CCN(CC1)C(C)(C)C#Cc1cc2ncnc(Nc3ccc(F)c(Cl)c3)c2cc1NC(=O)C=C
BRD-K23204545,CS(=O)(=O)OCCCCOS(C)(=O)=O
BRD-K23248433,C[C@H]1CN(Cc2ccc(CC(=O)N3CCC(CC3)Nc3cccc(F)c3)cc2)CCN1
BRD-K23363278,CCC[C@H](Nc1nc(ncc1C)-c1ccc(NC(=O)NCC)c(OC)c1)c1cccnc1
BRD-K23499943,CO[C@H]1C[C@H](C)CC2=C(NCCN(C)C)C(=O)C=C(NC(=O)\C(C)=C/C=C\[C@H](OC)[C@@H](OC(N)=O)\C(C)=C\[C@H](C)[C@H]1O)C2=O
BRD-K23672206,Cc1oc2nc3CCCCc3c(NC(=O)CN3CCCC3=O)c2c1C
BRD-K23677682,CN[C@H]1CN(C[C@@H]1OC)c1ccc2c(n1)n(cc(C(O)=O)c2=O)-c1nccs1
BRD-K23728141,OC(=O)c1ccc2nc(oc2c1)-c1cc(Cl)cc(Cl)c1
BRD-K23976833,CC(C)OC(=O)CCC\C=C/C[C@H]1[C@@H](O)C[C@@H](O)[C@@H]1\C=C\[C@@H](O)COc1cccc(c1)C(F)(F)F
BRD-K24219278,OC(=O)CCCCCCNC1c2ccccc2CCc2ccccc12
BRD-K24496482,CN(C)CCOC1=CC=C(C=C1)C2=NC(=C3C=CC4=C(CCC4=C3)N=O)C(=C5C=CNC=C5)N2
BRD-K24576554,O=C(NC1CC1)Nc1c[nH]nc1-c1nc2cc(CN3CCOCC3)ccc2[nH]1
BRD-K24723746,O=C(O[C@H]1CN2CCC1CC2)N1CCc2ccccc2[C@@H]1c1ccccc1
BRD-K24771047,O=C(N1CCCCC1)c1ccc2nccnc2c1
BRD-K24844714,Fc1c[nH]c(=O)[nH]c1=O
BRD-K24943235,COc1ccc2nc3CCCCC[C@@H]4C[C@H]4OC(=O)N[C@H](C(=O)N4C[C@@H](C[C@H]4C(=O)N[C@@]4(C[C@H]4C=C)C(=O)NS(=O)(=O)C4CC4)Oc3nc2c1)C(C)(C)C
BRD-K24968862,COc1cccc(OC)c1-c1ccc(C[C@H](NC(=O)c2c(Cl)cccc2Cl)C(O)=O)cc1
BRD-K25114078,NNC(N)=N
BRD-K25140590,O=C(N1CCCCC1)c1ccc2OCOc2c1
BRD-K25204779,CN(C(=O)Cc1ccc(cc1)-c1ccccn1)c1nc(C)c(s1)S(N)(=O)=O
BRD-K25361343,CNC(=O)[C@@H](Cc1ccccc1)NC(=O)[C@@H](CC(C)C)[C@H](CSc1cccs1)C(=O)NO
BRD-K25394294,OC(=O)CCc1nc(c(o1)-c1ccccc1)-c1ccccc1
BRD-K25412176,Cn1ncc(Cl)c1-c1cc(sc1Cl)C(=O)N[C@H](CN)Cc1cccc(F)c1
BRD-K25433859,CNCCCC12CCC(c3ccccc13)c1ccccc21
BRD-K25630527,Cc1cc(Nc2cc(CN3CCOCC3)c3nc(C)c(Cc4ccc(Cl)cc4F)n3n2)[nH]n1
BRD-K25650355,CNC(=O)Oc1ccc2N(C)[C@H]3N(C)CC[C@@]3(C)c2c1
BRD-K25837718,CO[C@H]1[C@@H](CC(=O)O[C@H](C)C\C=C\C=C\[C@H](O)[C@H](C)C[C@H](CC=O)[C@@H]1O[C@@H]1O[C@H](C)[C@@H](O[C@H]2C[C@@](C)(OC(=O)CC(C)C)[C@@H](O)[C@H](C)O2)[C@@H]([C@H]1O)N(C)C)OC(C)=O
BRD-K25943794,CCN1CCN(CC1)c1cc(-c2ccc(F)cc2)c2CCCCCCc2n1
BRD-K26011976,COc1cc(O)c(cc1C=CC(=O)c1ccc(O)cc1)C(C)(C)C=C
BRD-K26325692,Cc1cc(OCCN2CCOCC2)nn1-c1ccc2ccccc2c1
BRD-K26341917,C[N+](C)(C)[C@@H](Cc1c[nH]c(=S)[nH]1)C(O)=O
BRD-K26603252,COc1cc2ncnc(Nc3cccc(Br)c3)c2cc1OC
BRD-K26619122,COc1c(O[C@@H]2O[C@H](CO)[C@@H](O)[C@H](O)[C@H]2O)cc2CC[C@H](NC(C)=O)c3cc(=O)c(SC)ccc3-c2c1OC
BRD-K26657438,CC(C)Cn1cnc2c(N)nc3ccccc3c12
BRD-K26667523,Cn1c2ncn(C[C@@H](O)CO)c(=O)c2c(Nc2ccc(I)cc2F)c(F)c1=O
BRD-K26701552,Fc1ccccc1-c1nc2ccn(Cc3ccc(nn3)-c3ccc(cc3C(F)(F)F)C(F)(F)F)cc2n1
BRD-K26712974,CCO[C@H]1OC(=O)C[C@@H]1NC(=O)[C@@H]1CCCN1C(=O)[C@@H](NC(=O)c1ccc(N)c(Cl)c1)C(C)(C)C
BRD-K26823213,FC(F)(F)c1nc(Nc2ccc(Cl)cc2Cl)ncc1C(=O)NCC1CCOCC1
BRD-K26863634,COc1ccc(cc1)C(=O)Oc1ccc(CCn2c(NC(=O)c3ccc(cc3)C(F)(F)F)nc3cc(ccc23)C(O)=O)cc1
BRD-K27182532,Nc1nccc(Oc2ccc(NC(=O)c3c[nH]cc(-c4ccc(F)cc4)c3=O)cc2F)c1Cl
BRD-K27184429,OC(=O)COCCN1CCN(CC1)[C@H](c1ccccc1)c1ccc(Cl)cc1
BRD-K27204852,CCCN1CCN(CC1)c1ccc(cc1)C(=O)NC1(CCCCC1)C(=O)NCC#N
BRD-K27305650,O=c1cc(oc2c(cccc12)-c1ccccc1)N1CCOCC1
BRD-K27938825,Cc1ccc2c(oc3c(CC(O)=O)cccc3c2=O)c1C
BRD-K27955832,Nc1nc(OCc2cc(Br)cs2)c2[nH]cnc2n1
BRD-K28115081,Cc1nnc2CN=C(c3cc(CCC(=O)N4CCOCC4)sc3-n12)c1ccccc1Cl
BRD-K28143534,CN1CCC(CC1)=C1c2ccccc2C=Cc2ccccc12
BRD-K28183345,CC(C)NC(=N)NC(=N)Nc1ccc(Cl)cc1
BRD-K28217197,CC(=O)[C@H]1CC[C@H]2[C@@H]3CC[C@H]4C[C@](C)(O)CC[C@]4(C)[C@H]3CC[C@]12C
BRD-K28307902,CC(C)C(=O)Nc1ccc(c(c1)C(F)(F)F)[N+]([O-])=O
BRD-K28428262,C[C@@H](O)COc1cn2ncnc(Oc3ccc4[nH]c(C)cc4c3F)c2c1C
BRD-K28456624,CCC(O)(CC)\C=C\C=C\[C@@H](C)[C@H]1CC[C@@H]2[C@]1(C)CCC\C2=C/C=C1/C[C@@H](O)C[C@H](O)C1=C
BRD-K28470988,CC(Oc1ccc(O)cc1)(P(O)(O)=O)P(O)(O)=O
BRD-K28542495,CN(C)CCCOc1nn(Cc2ccccc2)c2ccccc12
BRD-K28667793,NC(=O)c1cnccn1
BRD-K29395450,CC(=O)Nc1nc(C)c(s1)-c1ccc(Cl)c(c1)S(=O)(=O)NCCO
BRD-K42918627,COc1nccc(-c2ccc3nccc(-c4ccnnc4)c3c2)c1NS(=O)(=O)c1ccc(F)cc1F
BRD-K43389698,CC(C)(C)c1cnc(CSc2cnc(NC(=O)C3CCNCC3)s2)o1
BRD-K44100512,C1=CC2=C(C(=C3C4=C(C=C(C=C4)Br)NC3=O)N=C2C=C1)NO
BRD-K46056750,NC(=O)Nc1cc(sc1C(=O)N[C@@H]1CCCNC1)-c1cccc(F)c1
BRD-K48488978,Nc1ccc(cn1)C(=O)Nc1cccc(c1)-c1nc(N2CCOCC2)c2oc3ncccc3c2n1
BRD-K49669041,Brc1cnc(Nc2cccc(NC(=O)N3CCCC3)c2)nc1NCCc1c[nH]cn1
BRD-K50140147,COc1cc(ccc1Nc1ncc(Cl)c(Nc2ccccc2S(=O)(=O)C(C)C)n1)N1CCC(CC1)N1CCN(C)CC1
BRD-K53972329,N#CC[C@H](C1CCCC1)n1cc(cn1)-c1ncnc2[nH]ccc12
BRD-K54997624,Cc1nc(NC(=O)N2CCC[C@H]2C(N)=O)sc1-c1ccnc(c1)C(C)(C)C(F)(F)F
BRD-K57282030,COc1cc(OC)cc(c1)-c1ccc2ncc3ccc(=O)n(-c4ccc(N5CCNCC5)c(c4)C(F)(F)F)c3c2c1
BRD-K58772419,C[C@@H](Nc1ccccc1C(O)=O)c1cc(C)cn2c1nc(cc2=O)N1CCOCC1
BRD-K63068307,FC(F)c1nc2ccccc2n1-c1nc(nc(n1)N1CCOCC1)N1CCOCC1
BRD-K63923597,CCN(CCO)CCCOc1ccc2c(Nc3cc(CC(=O)Nc4cccc(F)c4)[nH]n3)ncnc2c1
BRD-K65182930,CCNC(=O)C1=C(C(=C2C=C(C(=CC2=O)O)C(C)C)ON1)C3=CC=C(C=C3)CN4CCOCC4
BRD-K68174511,Nc1ccc(cn1)-c1ccc2ncc3ccc(=O)n(-c4cccc(c4)C(F)(F)F)c3c2c1
BRD-K69932463,COc1ccc(cc1CO)-c1ccc2c(nc(nc2n1)N1CCOC[C@@H]1C)N1CCOC[C@@H]1C
BRD-K72636697,Cc1ccc(cc1NC(=O)C=C)-n1c2c(ccc1=O)cnc1ccc(cc21)-c1cn[nH]c1
BRD-K85402309,CN1CCN(CC1)c1ccc2nc([nH]c2c1)-c1c(N)c2c(F)cccc2[nH]c1=O
BRD-K88573743,CC1=C2C=C(C=CC2=NN1)C3=CC(=CN=C3)OC[C@H](CC4=CNC5=CC=CC=C54)N
BRD-K90382497,COc1cc2ncn(-c3cc(OCc4ccccc4C(F)(F)F)c(s3)C(N)=O)c2cc1OC
BRD-K92571446,CC(C)n1cnc2c(Nc3cccc(NC(=O)C=C)c3)nc(N[C@H]3CC[C@@H](CC3)N(C)C)nc12
BRD-K93747373,CNC(=O)c1ccc(Nc2cc(Nc3ccccc3S(=O)(=O)C(C)C)c3cc[nH]c3n2)nc1
BRD-K93788137,CN(c1ccccc1CNc1nc(Nc2ccc3NC(=O)Cc3c2)ncc1C(F)(F)F)S(C)(=O)=O
BRD-K94012289,COC1=CC=CC2=CC(=C3C4=C(N=CNN4C(=N3)C5CCC(CC5)C(=O)O)N)N=C21
BRD-K94176593,Nc1cccc(c1)-c1cc2c(Oc3cccc(O)c3)ncnc2[nH]1
BRD-K95435023,Cc1[nH]c(\C=C2/C(=O)Nc3ccc(cc23)S(=O)(=O)Cc2c(Cl)cccc2Cl)c(C)c1C(=O)N1CCC[C@@H]1CN1CCCC1
BRD-K97764662,CCN(CC)CCCCNc1ncc2cc(-c3cc(OC)cc(OC)c3)c(NC(=O)NC(C)(C)C)nc2n1
BRD-K99252563,Cn1cc(cn1)-c1ccc2ncc3ccc(=O)n(-c4ccc5CCN(C(=O)C=C)c5c4)c3c2c1
BRD-U22633929,O=C1CCN(C2CCCC2)C3=NC(NC4=CC=C(C(NC5CCN(C)CC5)=O)C=C4OC)=NC=C3N1C(C)C
BRD-U51024685,CC1=CC=C(C(NC2=CC=C(CN3CCN(CC)CC3)C(C(F)(F)F)=C2)=O)C=C1/C=C/C4=C(OC)C5=C(NC=C5)N=C4
BRD-U61997977,O=C(NC1=C(Cl)C(OC)=CC(OC)=C1Cl)N(CC2=CC=C(NC(C=C)=O)C=C2)C3=CC(NC4=CC=C(N5CCN(C)CC5)C=C4)=NC=N3
BRD-U64521890,O=C1C2=C(C=CC=C2)N(C)C3=NC(NC4=CC(NC(/C=C/CN(C)C)=O)=CC=C4)=NC=C3N1C
BRD-A27376179,C[C@]12OC(C[C@]1(O)CO)n1c3ccccc3c3c4C(=O)NCc4c4c5ccccc5n2c4c13
BRD-A81177136,CN(C(Cc1ccc(OS(=O)(=O)c2cccc3cnccc23)cc1)C(=O)N4CCN(CC4)c5ccccc5)S(=O)(=O)c6cccc7cnccc67
BRD-K18895904,CN1CCN(CC1)C1=Nc2ccccc2Nc2sc(C)cc12
BRD-K23228615,C[C@H](O)C(=O)N1CCN(Cc2sc3c(nc(nc3c2C)-c2cnc(N)nc2)N2CCOCC2)CC1
BRD-K23875128,c1[nH]c2ccccc2c1c3ccncc3
BRD-K24616672,CCN(CC)CCOC(=O)c1ccc(N)cc1
BRD-K28731095,C[C@H](CCCC(C)(C)O)[C@@H]1CC[C@@H]2[C@]1(C)CCC\C2=C/C=C1/C[C@@H](O)C[C@H](O)C1=C
BRD-K28822270,CN(C)Cc1ccc(cc1)S(=O)(=O)n1ccc(c1)\C=C\C(=O)NO
BRD-K28912512,NC(=O)c1cccnc1
BRD-K28936863,CN1CCC(CC1)=C1c2ccsc2C(=O)Cc2ccccc12
BRD-K28965160,CC(C)Nc1cc(-c2c[nH]c(c2)C(=O)N[C@H](CO)c2cccc(Cl)c2)c(Cl)cn1
BRD-K28971625,COCCNC(=O)COc1ccc(OCCNC[C@H](O)COc2ccccc2)cc1
BRD-K28984613,C[C@]12CC[C@@H]3[C@@H](CC[C@H]4NC(=O)C=C[C@]34C)[C@@H]1CC[C@H]2C(=O)Nc1cc(ccc1C(F)(F)F)C(F)(F)F
BRD-K29133151,OC(=O)CCC\C=C/C[C@@H]1CO[C@@H](O[C@@H]1c1ccccc1O)C(F)(F)F
BRD-K29322660,CN(C)C(=O)[C@@H]1CC[C@H](NC(=O)C(=O)Nc2ccc(Cl)cn2)[C@H](C1)NC(=O)c1nc2CCN(C)Cc2s1
BRD-K29458283,OC(=O)CCCc1ccc(cc1)N(CCCl)CCCl
BRD-K29530284,CC(C)c1ccc2oc3nc(N)c(cc3c(=O)c2c1)C(O)=O
BRD-K29582115,Clc1cc2NC(=O)Cc2cc1CCN1CCN(CC1)c1nsc2ccccc12
BRD-K29653726,CC1(C)O[C@@H]2CO[C@@]3(COS(N)(=O)=O)OC(C)(C)O[C@H]3[C@@H]2O1
BRD-K29656036,OC(=O)Cn1nnc(n1)-c1cc(no1)N1CCC(CC1)Oc1cc(F)ccc1Br
BRD-K29673530,Cc1cc(O)c2c3c1c1c(C)cc(O)c4c1c1c3c3c(c(O)cc(O)c3c2=O)c2c(O)cc(O)c(c12)c4=O
BRD-K29735307,C[C@](O)(COc1ccc(cc1)C#N)C(=O)Nc1ccc(C#N)c(c1)C(F)(F)F
BRD-K29950728,CCN(CC)CCOc1ccc(cc1)C(=C(/Cl)c1ccccc1)\c1ccccc1
BRD-K29968218,O=C(Cc1ccc(cn1)-c1ccc(OCCN2CCOCC2)cc1)NCc1ccccc1
BRD-K30020243,COCCCOc1cc(C[C@@H](C[C@H](N)[C@@H](O)C[C@@H](C(C)C)C(=O)NCC(C)(C)C(N)=O)C(C)C)ccc1OC
BRD-K30126819,OS(=O)(=O)CCSSCCS(O)(=O)=O
BRD-K30331124,COc1ccc(cc1OC)\C=C\C(=O)CC(=O)\C=C\c1ccc(OC)c(OC)c1
BRD-K30421593,CC(C)(C)NC[C@@H](O)COc1nsnc1N1CCOCC1
BRD-K30466858,Oc1cc2c3c(oc(=O)c4cc(O)c(O)c(oc2=O)c34)c1O
BRD-K30480208,CC(C)NC(=O)NS(=O)(=O)c1cnccc1Nc1cccc(C)c1
BRD-K30550578,Nc1ncnc2OCCN(c3ccc(cc3)[C@H]3CC[C@H](CC(O)=O)CC3)C(=O)c12
BRD-K30563334,CO[C@H]1\C=C\O[C@@]2(C)Oc3c(C2=O)c2c(c(O)c3C)c(O)c(NC(=O)\C(C)=C\C=C\[C@H](C)[C@H](O)[C@@H](C)[C@@H](O)[C@@H](C)[C@H](OC(C)=O)[C@@H]1C)c1=NC3(CCN(CC(C)C)CC3)N=c21
BRD-K30685142,N[C@@H](Cc1cc(I)c(Oc2cc(I)c(O)c(I)c2)c(I)c1)C(O)=O
BRD-K31111078,COC(=O)\C=C\C(=O)OC
BRD-K31135544,CNC(=O)[C@H]1O[C@H]([C@H](O)[C@@H]1O)n1cnc2c(NCc3cccc(I)c3)ncnc12
BRD-K31309378,CNC(=O)c1cccc2cc(ccc12)Oc1ccnc2cc(OCC3(N)CC3)c(OC)cc12
BRD-K31339321,CS(=O)(=O)Oc1ccc2c(NC(N)=O)c(oc2c1)C(=O)c1ccc(Cl)cc1Cl
BRD-K31342827,CN(C)CCCn1cc(C2=C(C(=O)NC2=O)c3c[nH]c4ccccc34)c5ccccc15
BRD-K31385749,COc1cc2C[C@@H](CN(C)CCCN3CCc4cc(OC)c(OC)cc4CC3=O)c2cc1OC
BRD-K31447894,CC[C@H](C)C(=O)O[C@@H]1C[C@H](O)C=C2C=C[C@H](C)[C@@H](CC[C@@H](O)C[C@@H](O)CC(O)=O)[C@@H]12
BRD-K31476763,Cc1c(cc(C(=O)NCc2ccc(cn2)S(C)(=O)=O)c(=O)n1-c1cccc(c1)C(F)(F)F)-c1ccnn1C
BRD-K31495718,Cc1nc(C)c(nc1C(N)=O)-c1ccc(cc1)[C@H]1CC[C@H](CC(O)=O)CC1
BRD-K31519811,Cn1cc(c(n1)-c1ccc(OCc2ccc3ccccc3n2)cc1)-c1ccncc1
BRD-K31627533,CCC(=O)[C@@]1(C)[C@H](C)C[C@H]2[C@@H]3CCC4=CC(=O)C=C[C@]4(C)[C@H]3[C@@H](O)C[C@]12C
BRD-K31731454,Cc1cccn2c1ncc(-c1nnn[nH]1)c2=O
BRD-K31812033,CC(C)(C)NC[C@H](O)COc1cccc2C(=O)CCCc12
BRD-K31841515,O=c1[nH]c2n[nH]cc2c(=O)[nH]1
BRD-K31928526,CCN(CCCOc1ccc2c(Nc3cc(CC(=O)Nc4cccc(F)c4)[nH]n3)ncnc2c1)CCOP(O)(O)=O
BRD-K32101625,COc1cccc(c1)-c1ccc(cc1)[C@@H](Oc1cc(nc(N)n1)-c1ccc(C[C@H](N)C(O)=O)cc1)C(F)(F)F
BRD-K32107296,Cn1nnc2c(ncn2c1=O)C(N)=O
BRD-K32164935,Cc1ccc(cc1)S(=O)(=O)NC(=O)NN1CCCCCC1
BRD-K32218650,CCc1cnc(nc1)N1CCC(CC1)c1nc(COc2ccc(cc2)-n2cnnn2)cs1
BRD-K32247306,CCC1(C(=O)NCNC1=O)c1ccccc1
BRD-K32285926,COc1ccc2c(OCc3nnc4ccc(nn34)-c3ccccc3)ccnc2c1
BRD-K32405725,CCOC(=O)[C@@]1(CCCCCCOc2ccc(Cl)cc2)CO1
BRD-K32501161,Fc1ccc(cc1)C(OCCN1CCN(CCCc2ccccc2)CC1)c1ccc(F)cc1
BRD-K32744045,CCN(CC)C(=S)SSC(=S)N(CC)CC
BRD-K32821942,Cn1cnc(c1Sc1[nH]cnc2ncnc12)[N+]([O-])=O
BRD-K32977963,COc1cc(CC=C)ccc1O
BRD-K33106058,Nc1ccn([C@@H]2O[C@H](CO)[C@@H](O)[C@@H]2O)c(=O)n1
BRD-K33127281,COc1ccc(cc1C12CC3CC(CC(C3)C1)C2)-c1ccc2cc(ccc2c1)C(O)=O
BRD-K33141550,COC(=O)[C@@H](N)CCCNC(=N)N[N+]([O-])=O
BRD-K33211335,COc1ccc2C[C@H]3[C@H]4CCCC[C@@]4(CCN3C)c2c1
BRD-K33226500,CC(C)(C)NC(=O)[C@@H]1CN(Cc2cccnc2)CCN1C[C@@H](O)C[C@@H](Cc1ccccc1)C(=O)N[C@@H]1[C@H](O)Cc2ccccc12
BRD-K33251802,CCCCN1C[C@H](O)[C@@H](O)[C@H](O)[C@H]1CO
BRD-K33453211,C[C@@H]1CN(CC[C@]1(C(O)=O)c1ccccc1)[C@H]1CC[C@](CC1)(C#N)c1ccc(F)cc1
BRD-K33483813,CC(=O)Nc1ccc(CC(O)=O)cc1
BRD-K33610132,COc1cc(ccc1Nc1ncc(c(Nc2cccc(NC(=O)C=C)c2)n1)C(F)(F)F)N1CCN(CC1)C(C)=O
BRD-K33732501,C[N@@+]1(CC2CC2)CC[C@@]23[C@H]4Oc5c2c(C[C@@H]1[C@@]3(O)CCC4=O)ccc5O
BRD-K33852358,CCCn1c(=O)n(-c2ccc(Cl)cc2)c2[nH]cnc2c1=O
BRD-K33882852,CCOC(=O)c1ncc2[nH]c3ccc(OCc4ccccc4)cc3c2c1COC
BRD-K34008116,O=C(O[C@H]1C[C@@H]2C[C@@H]3C[C@@H](C1)N2CC3=O)c1c[nH]c2ccccc12
BRD-K34022604,Nc1nc(Cl)nc2n(cnc12)[C@@H]1O[C@H](CO)[C@@H](O)[C@@H]1F
BRD-K34154330,CCCCNc1c(C(=O)OCC)c(C)nc2n(CC)ncc12
BRD-K34157611,CN\C(NCCSCc1nc[nH]c1C)=N/C#N
BRD-K34185671,CC(=O)Nc1nc2c(Oc3cc(ncn3)-c3ccc(cc3)C(F)(F)F)cccc2s1
BRD-K34313798,OC(=O)[C@@H]1C[C@H]2C[C@@H](CCc3nn[nH]n3)CC[C@H]2CN1
BRD-K34328244,Oc1ccc(cc1)[C@@H]1CC(=O)c2ccc(O)cc2O1
BRD-K34341643,CN1CC[C@H](C[C@@H]1c1nc2ccccc2[nH]1)NC(=O)Nc1ccc(cc1)C#N
BRD-K34469523,CC(C)(C)NC[C@H](O)c1ccc(O)c(CO)c1
BRD-K34713073,CN(C)c1ccc(Cn2cnc3CN([C@@H](Cc23)C(O)=O)C(=O)C(c2ccccc2)c2ccccc2)cc1C
BRD-K34776109,CCC1=C(C)CN(C(=O)NCCc2ccc(cc2)S(=O)(=O)NC(=O)N[C@H]2CC[C@H](C)CC2)C1=O
BRD-K34870043,Fc1ccc(cc1)-c1cncc(CN2CCN(CC2)c2cccc3OCCOc23)c1
BRD-K34888156,Cn1cnc2n(C)c(=O)[nH]c(=O)c12
BRD-K35007173,CCCn1c2nc[nH]c2c(=O)[nH]c1=O
BRD-K35169477,C[C@H](NC(=O)C(C)(C)Oc1ccc(cn1)C(F)(F)F)[C@@H](Cc1ccc(Cl)cc1)c1cccc(c1)C#N
BRD-K35189033,CC[C@]12CC[C@H]3[C@@H](CCC4=CC(=O)CC[C@H]34)[C@@H]1CC[C@@]2(O)C#C
BRD-K35245662,CC(C)C(=O)OCC(=O)[C@@]12O[C@@H](O[C@@H]1C[C@H]1[C@@H]3CCC4=CC(=O)C=C[C@]4(C)[C@H]3[C@@H](O)C[C@]21C)C1CCCCC1
BRD-K35520305,CN(C)\N=N\c1[nH]cnc1C(N)=O
BRD-K35586044,COC(=O)[C@H]1[C@@H](O)CC[C@H]2CN3CCc4c([nH]c5ccccc45)[C@@H]3C[C@H]12
BRD-K35589454,NCC(=O)N1C[C@@H](C[C@H]1C(O)=O)NC(=O)c1ccccc1
BRD-K35629949,OC(=O)Cn1c(cc2ccccc12)C(=O)Nc1nc(cs1)-c1ccccc1Cl
BRD-K35687421,Oc1cc(=O)[nH]cc1Cl
BRD-K35719256,COc1cc2CCN3Cc4c(C[C@H]3c2cc1OC)ccc(OC)c4OC
BRD-K35775715,COc1cccc(n1)N(C)C(=S)Oc1ccc2CCCCc2c1
BRD-K35960502,Oc1ccc(Cl)cc1C(=O)Nc1ccc(cc1Cl)[N+]([O-])=O
BRD-K36269323,CN(C)C(=N)NCCC[C@H](N)C(O)=O
BRD-K36270037,OC[C@H]1O[C@@H](Oc2cc3ccc(=O)oc3cc2O)[C@@H](O)[C@@H](O)[C@@H]1O
BRD-K36280065,C[C@H]1CCN(C[C@@H]1N(C)c1ncnc2[nH]ccc12)C(=O)CC#N
BRD-K36324071,OS(=O)(=O)c1ccc(NC(=O)c2cc(NC(=O)Nc3cc(cc(c3)C(=O)Nc3ccc(c(c3)S(O)(=O)=O)S(O)(=O)=O)C(=O)Nc3ccc(c(c3)S(O)(=O)=O)S(O)(=O)=O)cc(c2)C(=O)Nc2ccc(c(c2)S(O)(=O)=O)S(O)(=O)=O)cc1S(O)(=O)=O
BRD-K36386086,C[C@H]1CCO[C@H]2Cn3cc(C(=O)NCc4ccc(F)cc4F)c(=O)c(O)c3C(=O)N12
BRD-K36467523,CC(C)(OCc1nn(Cc2ccccc2)c2ccccc12)C(O)=O
BRD-K36627727,CC1(C)CCC(C)(C)c2cc(NC(=O)c3ccc(cc3)C(O)=O)ccc12
BRD-K36680103,COC(=O)N1CCN(Cc2cccc(NC(=O)Nc3ccc(C)nc3)c2F)CC1
BRD-K36732695,CN1CCC2=C(C1)c1ccccc1Cc1ccccc21
BRD-K36862742,NS(=O)(=O)c1cc2c(NCNS2(=O)=O)cc1C(F)(F)F
BRD-K36927236,COc1ccc(Cl)cc1C(=O)NCCc2ccc(cc2)S(=O)(=O)NC(=O)NC3CCCCC3
BRD-K36970462,CC(=O)c1ccc2OC(C)(C)[C@@H](O)[C@@H](NC(=O)c3ccc(F)c(Cl)c3)c2c1
BRD-K37111771,NCCNCCNCCN
BRD-K37289225,CN1CCN(CC1)C1=Nc2cc(Cl)ccc2Nc2ccccc12
BRD-K37355418,Cc1cc(C)cc(NC(=O)Cc2ccc(OC(C)(C)C(O)=O)cc2)c1
BRD-K37385792,Cc1nc2CCN(C(=O)c3ccc(NC(=O)c4ccccc4-c4ccccc4)cc3)c3ccccc3-c2[nH]1
BRD-K37516142,COC1=C(OC)C(=O)C(CCCCCCCCCCO)=C(C)C1=O
BRD-K37561857,COc1cc(ccc1OC(F)F)-c1ccc(=O)[nH]n1
BRD-K37590257,COc1cccc(Nc2c(cnc3c(C)cc(cc23)S(=O)(=O)c2cccc(c2)C(=O)N(C)C)C(N)=O)c1
BRD-K37694030,CN(C)CC\C=C1\c2ccccc2COc2ccccc12
BRD-K37714784,C(N1CCN(CC1)c1ccccn1)c1nc2ccccc2[nH]1
BRD-K37872686,CCCCS(=O)(=O)N[C@@H](Cc1ccc(OCCCCC2CCNCC2)cc1)C(O)=O
BRD-K37890730,CC[C@@]1(O)C(=O)OCc2c1cc1-c3nc4ccccc4cc3Cn1c2=O
BRD-K38197229,CCCCNc1cc(cc(c1Oc1ccccc1)S(N)(=O)=O)C(O)=O
BRD-K38436528,CN(C)CCCN1c2ccccc2CCc2ccccc12
BRD-K38473998,COc1ccc(cc1OC1CCCC1)C1(CCC(CC1)C(O)=O)C#N
BRD-K38744518,CC(=C)[C@@H]1CC[C@@]2(CC[C@]3(C)[C@H](CC[C@@H]4[C@@]5(C)CC[C@H](O)C(C)(C)[C@@H]5CC[C@@]34C)[C@H]12)C(O)=O
BRD-K38868394,CN1[C@@H]2CC[C@H]3[C@@H]4CC[C@H](C(=O)NCc5nc6cccnc6[nH]5)[C@@]4(C)CC[C@@H]3[C@@]2(C)C=C(F)C1=O
BRD-K39252998,CCC1(Cc2ccccc2C1)c1cnc[nH]1
BRD-K39339537,COc1cc(C)nn1-c1nc(C)cc(OC)n1
BRD-K39503511,CC(C)(C)Sc1c(CC(C)(C)C(O)=O)n(Cc2ccc(Cl)cc2)c2ccc(OCc3ccc4ccccc4n3)cc12
BRD-K39974922,COc1cc2nccc(Oc3ccc(NC(=O)NC4CC4)c(Cl)c3)c2cc1C(N)=O
BRD-K40797222,COc1cccc(c1)-c1ccc(NC(=O)C2=C(CCC2)C(O)=O)c(F)c1
BRD-K40870905,OC(=O)[C@H](Cc1ccc(Nc2nccc3ccncc23)cc1)NC1=C(Br)C(=O)C11CCCCC1
BRD-K41160163,CN1CC(=O)N=C1NC(=O)Nc1cccc(Cl)c1
BRD-K41170226,C[C@H](CCC(O)=O)[C@H]1CC[C@H]2[C@@H]3CC[C@@H]4C[C@H](O)CC[C@]4(C)[C@H]3C[C@H](O)[C@]12C
BRD-K41185545,COC([C@H](Oc1nc(C)cc(C)n1)C(O)=O)(c1ccccc1)c1ccccc1
BRD-K41213548,CCc1c(O)cc(O)c(C(=O)c2ccc(OCCN3CCOCC3)c(OC)c2)c1CC(=O)N(CCOC)CCOC
BRD-K41260949,CCCC(CCC)C(O)=O
BRD-K41410256,OC(=O)CCNC(=O)c1ccc(cc1)N=Nc1ccc(O)c(c1)C(O)=O
BRD-K41524689,CC(=O)Nc1ccc(O)cc1
BRD-K41599323,NC(=O)N1CCC(CC(=O)N2CCC(CC2)[C@H]2c3ncc(Br)cc3CCc3cc(Cl)cc(Br)c23)CC1
BRD-K41708980,CC1(C)O[C@@H]2C[C@H]3[C@@H]4CCC5=CC(=O)C=C[C@]5(C)[C@]4(F)[C@H](O)C[C@]3(C)[C@]2(O1)C(=O)CO
BRD-K41772907,Cc1cccc(Oc2cnc(=O)[nH]c2)c1
BRD-K41783120,Cc1cccc(\C=N\Nc2cc(nc(OCCc3ccccn3)n2)N2CCOCC2)c1
BRD-K42098891,CNCCCC1c2ccccc2C=Cc2ccccc12
BRD-K42348709,CN(C)CCC=C1c2ccccc2C=Cc2ccccc12
BRD-K42352790,CCCCC\C=C/C\C=C/C\C=C/C\C=C/CCCC(=O)NCCO
BRD-K42417338,Oc1ccc2C[C@H]3N(CC4CCC4)CC[C@@]4(CCCC[C@@]34O)c2c1
BRD-K42679050,CC(=O)N(OCc1ccccc1)[C@H]1[C@H](O)C(C)(C)Oc2ccc(cc12)C#N
BRD-K42948882,NCCCCN(Cc1nc2ccccc2[nH]1)[C@H]1CCCc2cccnc12
BRD-K42981054,CC(C)S(=O)(=O)NC[C@H](C)c1ccc(cc1)-c1ccc(CCNS(C)(=O)=O)cc1
BRD-K43002771,COc1ccc(CCN(C)CCCOc2ccc(cc2)S(=O)(=O)c2c(C(C)C)c3ccccc3n2C)cc1OC
BRD-K43164539,C[C@H](CCC(O)=O)[C@H]1CC[C@H]2[C@@H]3[C@H](O)C[C@@H]4C[C@H](O)CC[C@]4(C)[C@H]3C[C@H](O)[C@]12C
BRD-K43410529,C[C@@H](NC(=O)c1ncnc(N)c1Cl)c1ncc(s1)C(=O)Nc1cc(c(Cl)cn1)C(F)(F)F
BRD-K43457670,CC(=O)Nc1nnc(s1)S(N)(=O)=O
BRD-K43578482,CNC(=O)c1ccc(Nc2ncc(c(NCc3nccnc3N(C)S(C)(=O)=O)n2)C(F)(F)F)cc1
BRD-K43723251,C[C@H](CCC(O)=O)[C@@H]1CC[C@H]2[C@@H]3[C@H](O)C[C@@H]4C[C@H](O)CC[C@]4(C)[C@@H]3CC[C@]12C
BRD-K43797669,Oc1ccc(cc1)-c1coc2cc(O)cc(O)c2c1=O
BRD-K43802723,CC#C[C@@H](CC(O)=O)c1ccc(OCc2cccc(c2)-c2ccc(cc2)C(F)(F)F)cc1
BRD-K43806473,CN(C)C(=O)COC(=O)Cc1ccc(OC(=O)c2ccc(NC(N)=N)cc2)cc1
BRD-K43887077,NCCc1ccc(O)c(O)c1
BRD-K28761891,CCC(=O)NCC[C@@H]1CCc2ccc3OCCc3c12
BRD-K29359156,O=c1n([se]c2ccccc12)-c1ccccc1
BRD-K32318651,Nc1nc2n(COCCO)cnc2c(=O)[nH]1
BRD-K37991163,Fc1ccc(cc1)[C@@H]1CCNC[C@H]1COc1ccc2OCOc2c1
BRD-K38183498,[O-][N+](=O)c1ccc2NC(=O)CN=C(c3ccccc3Cl)c2c1
BRD-K38287497,CCCC[C@H](NC(=O)[C@@H]1[C@@H]2[C@H](CN1C(=O)[C@@H](NC(=O)NC1(CS(=O)(=O)C(C)(C)C)CCCCC1)C(C)(C)C)C2(C)C)C(=O)C(=O)NC1CC1
BRD-K38852836,CC(C)c1cc(-c2n[nH]c(=O)n2-c2ccc3n(C)ccc3c2)c(O)cc1O
BRD-K40718343,CCN1CCN(Cc2ccc(cc2)-c2cc3c(N[C@H](C)c4ccccc4)ncnc3[nH]2)CC1
BRD-K40758068,FC(F)(F)[C@]1(OC(=O)Nc2ccc(Cl)cc12)C#CC1CC1
BRD-K41438959,O=c1c(cc(cn1-c1ccccc1)-c1ccccn1)-c1ccccc1C#N
BRD-K41996876,COc1ccc(C=C(C#N)C#N)cc1
BRD-K42495768,Clc1ccc(C(=O)NS(=O)(=O)c2ccc(Br)s2)c(Cl)c1
BRD-K42898655,CO[C@@H]1C[C@H](C[C@@H](C)[C@@H]2CC(=O)[C@H](C)\C=C(C)\[C@@H](O)[C@@H](OC)C(=O)[C@H](C)C[C@H](C)\C=C\C=C\C=C(C)\[C@H](C[C@H]3CC[C@@H](C)[C@@](O)(O3)C(=O)C(=O)N3CCCC[C@H]3C(=O)O2)OC)CC[C@@H]1OC(=O)C(C)(CO)CO
BRD-K43586850,CCOC(=O)C1=C(C)NC(C)=C(C1c1ccccc1\C=C\C(=O)OC(C)(C)C)C(=O)OCC
BRD-K43966364,CC1(C)S[C@@H]2[C@H](NC(=O)COc3ccccc3)C(=O)N2[C@H]1C(O)=O
BRD-K44273375,CN(C(=S)Oc1ccc2ccccc2c1)c1cccc(C)c1
BRD-K44309363,COC(=O)C1=C(C)NC(C)=C([C@@H]1c1cccc(c1)[N+]([O-])=O)C(=O)OCCCN1CCC(CC1)(c1ccccc1)c1ccccc1
BRD-K44353683,CC(C)[C@H]1CC[C@@H](CC1)C(=O)N[C@H](Cc1ccccc1)C(O)=O
BRD-K44366189,COc1cc(F)c(cc1-c1ccc(cc1CN1[C@H](C)[C@H](OC1=O)c1cc(cc(c1)C(F)(F)F)C(F)(F)F)C(F)(F)F)C(C)C
BRD-K44408410,COc1cc2[C@H]3CC[C@]4(C)[C@@H](O)CC[C@H]4[C@@H]3CCc2cc1O
BRD-K44442813,OC(=O)[C@@H]1CSCN1C(=O)[C@@H]1CCC(=O)N1
BRD-K44771174,CC(C)(N)C(=O)N[C@H](COCc1ccccc1)C(=O)N1CCC2(CN(c3ccccc23)S(C)(=O)=O)CC1
BRD-K44827188,Clc1cc(ccc1C(=O)Nc1ccc(Cl)c(c1)-c1ccccn1)S(C)(=O)=O
BRD-K44844162,CC(C)n1nc(C)nc1-c1cn2CCOc3cc(ccc3-c2n1)-c1cnn(c1)C(C)(C)C(N)=O
BRD-K44876623,CN(C)C(=O)Cc1c(nc2ccc(C)cn12)-c1ccc(C)cc1
BRD-K44942188,C(CN1CCOCC1)Cc1ccc(COc2ccccc2)cc1
BRD-K44974079,CCCSc1nc(N[C@@H]2C[C@@H]2c2ccc(F)c(F)c2)c2nnn([C@@H]3C[C@H](OCCO)[C@H](O)[C@H]3O)c2n1
BRD-K45033733,CC(=O)OCC(CCn1cnc2cnc(N)nc12)COC(C)=O
BRD-K45071273,CCCCNc1ccc(cc1)C(=O)OCCN(C)C
BRD-K45117373,CC(=O)N(O)[C@H]1[C@H](O)C(C)(C)Oc2ccc(cc12)C#N
BRD-K45152786,O=C(Nc1ccccc1)C1C(=O)NC(=S)NC1=O
BRD-K45158365,CCCCC(=O)N(Cc1ccc(cc1)-c1ccccc1-c1nn[nH]n1)[C@@H](C(C)C)C(O)=O
BRD-K45168550,COc1ccc(cc1OC)S(=O)(=O)N1CCCN(CC1)S(=O)(=O)c1ccc(OC)c(OC)c1
BRD-K45245728,C[C@H](CCC(=O)NCCS(O)(=O)=O)[C@H]1CC[C@H]2[C@@H]3[C@@H](O)C[C@@H]4C[C@H](O)CC[C@]4(C)[C@H]3CC[C@]12C
BRD-K45252063,CCOC(=O)C(C)(C)Oc1ccc(Cl)cc1
BRD-K45275534,COc1ccc(NC(=O)c2ccc(cc2)C(=N)N(C)C)c(c1)C(=O)Nc1ccc(Cl)cn1
BRD-K45330754,CC\C(c1ccc(O)cc1)=C(\CC)c1ccc(O)cc1
BRD-K45503887,CC[C@H](C)[C@H](NC(=O)[C@H](Cc1ccc(O)cc1)NC(=O)[C@@H](NC(=O)[C@@H](CCCNC(N)=N)NC(=O)[C@@H](N)CC(O)=O)C(C)C)C(=O)N[C@@H](Cc1cnc[nH]1)C(=O)N1CCC[C@@H]1C(=O)N[C@H](Cc1ccccc1)C(O)=O
BRD-K45542189,CCN(CC)C(=O)N1CCN(C)CC1
BRD-K45875383,CCN(Cc1ccccc1)C(=O)Cn1c2nc(ncc2n(C)c1=O)-c1ccccc1
BRD-K45924332,Nc1cc(c[nH]c1=O)-c1ccncc1
BRD-K46018455,CC(C)(Oc1ccc(CCNC(=O)c2ccc(Cl)cc2)cc1)C(O)=O
BRD-K46133855,CC(C)(C)[N+](\[O-])=C\c1ccc(cc1S(O)(=O)=O)S(O)(=O)=O
BRD-K46290096,COCCOc1ccc(cc1)N1CCN(CCn2ncc3c2nc(N)n2nc(nc32)-c2ccco2)CC1
BRD-K46386702,C[C@@H]1COC(Nc2ccc3ncnc(Nc4ccc(OCc5nccs5)c(Cl)c4)c3c2)=N1
BRD-K46424862,Cc1cc(=O)oc2cc(O)ccc12
BRD-K46604138,CCOc1ccc(Cc2cc(ccc2Cl)[C@@H]2O[C@H](CO)[C@@H](O)[C@H](O)[C@@H]2O)cc1
BRD-K46654563,C[C@H](CSC(=O)c1ccccc1)C(=O)N1C[C@H](C[C@H]1C(O)=O)Sc1ccccc1
BRD-K46839850,COc1cc(cc(OC)c1OC)\C=C\C(=O)N1CCN(CC(=O)N2CCCC2)CC1
BRD-K46937689,Cc1cc(=O)n(-c2ccccc2)n1C
BRD-K46970505,CO\N=C(/C(=O)N[C@H]1[C@H]2SCC(C[n+]3ccn4ncccc34)=C(N2C1=O)C(O)=O)c1nsc(N)n1
BRD-K47095176,CC[C@H](NC(=O)c1c(O)c(nc2ccccc12)-c1ccccc1)c1ccccc1
BRD-K47539947,CCCCCCCCCCCCCCSCC(O)=O
BRD-K47554101,CC(=O)NC[C@H]1CN(C(=O)O1)c1ccc(N2CCN(CC2)C(=O)CO)c(F)c1
BRD-K47639036,Cc1c(oc2c(cccc2c1=O)C(=O)OCCN1CCCCC1)-c1ccccc1
BRD-K47642186,COc1ccc(cc1OC1CCCC1)C(=O)Nc1c(Cl)cncc1Cl
BRD-K47780086,Nc1nc(O)c2ncn(CCC(CO)CO)c2n1
BRD-K47869605,COc1cc(cc(OC)c1OC)[C@H]1[C@@H]2[C@H](COC2=O)[C@@H](O)c2cc3OCOc3cc12
BRD-K47936004,C(N1CCN(CC1)c1ncccn1)c1ccc2OCOc2c1
BRD-K47976015,CC(C)C(=O)OC[C@]1(O[C@H]([C@H](OC(=O)C(C)C)[C@@H]1OC(=O)C(C)C)n1ccc(N)nc1=O)N=[N+]=[N-]
BRD-K48068743,Cc1cc(N2CCN(CC2)[C@@H]2CN[C@@H](C2)C(=O)N2CCSC2)n(n1)-c1ccccc1
BRD-K48168960,CCCc1cc(=O)[nH]c(=S)[nH]1
BRD-K48195801,Fc1ccc(Cn2c(NC3CCNCC3)nc3ccccc23)cc1
BRD-K48213016,O[C@H]1CC[C@@H](CC1)Nc1ncc2nc(Nc3c(F)cc(F)cc3F)n([C@H]3CCOC3)c2n1
BRD-K48300629,NS(=O)(=O)Cc1noc2ccccc12
BRD-K48461310,C[C@H]1O[C@H]1P(O)(O)=O
BRD-K48578705,C[C@](N)(Cc1ccc(O)c(O)c1)C(O)=O
BRD-K48722258,COc1cc(cc(OC)c1OC)C(=O)OCCCN1CCCN(CCCOC(=O)c2cc(OC)c(OC)c(OC)c2)CC1
BRD-K48812570,CCCNS(=O)(=O)Nc1ncnc(OCCOc2ncc(Br)cn2)c1-c1ccc(Br)cc1
BRD-K48892307,OC(=O)c1ccccc1OC(=O)c1ccccc1O
BRD-K48894757,CS(=O)(=O)c1cc(F)cc2c3CC[C@H](CC(O)=O)c3n(Cc3ccc(Cl)cc3)c12
BRD-K49111258,COc1cc2nc(nc(N)c2cc1OC)N3CCN(CC3)C(=O)c4ccco4
BRD-K49350383,Nc1nc2nc[nH]c2c(=S)[nH]1
BRD-K49404994,CC[C@H](N1CCCC1=O)C(N)=O
BRD-K49456274,COc1ccc(Cl)c(Nc2nc3ccccc3nc2NS(=O)(=O)c2cccc(NC(=O)C(C)(C)N)c2)c1
BRD-K49504902,OC(=O)c1cc2occc2[nH]1
BRD-K49555808,Cn1c(nc(C(=O)NCc2ccc(F)cc2)c(O)c1=O)N1CCCCS1(=O)=O
BRD-K49671696,Fc1ccc(cc1)C(=O)C1CCN(CCn2c(=O)[nH]c3ccccc3c2=O)CC1
BRD-K49685476,C\C(=C/c1ccc(cc1)C(O)=O)c1ccc2c(c1)C(C)(C)CCC2(C)C
BRD-K49807096,CCOC(=O)[C@H](CCc1ccccc1)N[C@H]1CCc2ccccc2N(CC(O)=O)C1=O
BRD-K49840922,Cn1c2ncn(CCOC(=O)C(C)(C)Oc3ccc(Cl)cc3)c2c(=O)n(C)c1=O
BRD-K50031829,C[C@@H]1CN(Cc2ncccn2)C[C@H]1c1nc2n(ncc2c(=O)[nH]1)C1CCOCC1
BRD-K50133271,Cc1c(Cl)cccc1Nc1ccccc1C(O)=O
BRD-K50163129,Cc1ccc(cc1)C(=C/CN1CCCC1)\c1cccc(\C=C\C(O)=O)n1
BRD-K50398167,Cc1ccc(Cl)c(Nc2ccccc2C(O)=O)c1Cl
BRD-K50422030,Cc1ncsc1CCCl
BRD-K50498985,CN(C1CCN(CC1)c1nnc(-c2ccnn2C)c2ccccc12)C(=O)c1ccc(F)cc1C(F)(F)F
BRD-K50564936,COc1cc(ccc1-n1cnc(C)c1)\C=C1/CCCN([C@@H](C)c2ccc(F)cc2)C1=O
BRD-K50590187,COc1cc(CNC(=O)CCCC\C=C\C(C)C)ccc1O
BRD-K50859149,Cc1noc(NS(=O)(=O)c2ccc(N)cc2)c1C
BRD-K50938287,CNS(=O)(=O)Cc1ccc2[nH]cc(CCN(C)C)c2c1
BRD-K51033547,COc1cccc(c1)[C@]1(O)CCCC[C@H]1CN(C)C
BRD-K51040301,CC(C)c1nc(CN(C)C(=O)N[C@@H](CCN2CCOCC2)C(=O)N[C@H](CC[C@H](Cc2ccccc2)NC(=O)OCc2cncs2)Cc2ccccc2)cs1
BRD-K51087630,CCC(CC)n1c2nc(cnc2[nH]c1=O)C#C
BRD-K51143828,O=C1[C@H]2[C@@H]3CC[C@@H](C3)[C@H]2C(=O)N1C[C@@H]1CCCC[C@H]1CN1CCN(CC1)c1nsc2ccccc12
BRD-K51263939,CNCC(O)=O
BRD-K51324732,COc1ccc(Cl)cc1C(=O)NCCc1ccc(cc1)C(O)=O
BRD-K51333959,Fc1ccc(cc1)-n1cc(CCCCN2CCC3(CC2)OCc2ccccc32)c2ccccc12
BRD-K51350053,CN(C)CCOc1ccc(cc1)C(\c1ccccc1)=C(\CCCl)c1ccccc1
BRD-K51662849,CNC(=O)[C@H](Cc1c[nH]c2ccccc12)NC(=O)[C@H](CC(C)C)CC(=O)NO
BRD-K51677086,CCOC(=O)CCC(=O)O[C@H]1[C@H](O[C@@H]2[C@@H](C)[C@H](O[C@H]3C[C@@](C)(OC)[C@@H](O)[C@H](C)O3)[C@@H](C)C(=O)O[C@H](CC)[C@@](C)(O)[C@H](O)[C@@H](C)C(=O)[C@H](C)C[C@@]2(C)O)O[C@H](C)C[C@@H]1N(C)C
BRD-K51747290,NC(=O)NO
BRD-K51967704,COc1c(C)cnc(Cn2cnc3c(Cl)nc(N)nc23)c1C
BRD-K52020312,Cc1ncc(n1CCO)[N+]([O-])=O
BRD-K52080565,C[C@]12CC[C@H]3[C@@H](CCC4=CC(=O)CC[C@H]34)[C@@H]1CC[C@@H]2O
BRD-K52172416,CC(C)(C#N)c1cc(Cn2cncn2)cc(c1)C(C)(C)C#N
BRD-K52183142,CC(=O)[C@@H]1CC[C@H]2[C@@H]3CC=C4C[C@@H](O)CC[C@]4(C)[C@@H]3CC[C@]12C
BRD-K52313696,CC(=O)Nc1ccc(cc1)C(=O)Nc1ccccc1N
BRD-K52618540,O[C@H]1[C@H](O)[C@@H](O)[C@H](O)[C@H](O)[C@@H]1O
BRD-K52662033,CCN(CC)CC(=O)Nc1c(C)cccc1C
BRD-K52818472,CC(C)(C)c1cc(c(NC(=O)c2c[nH]c3ccccc3c2=O)cc1O)C(C)(C)C
BRD-K52989797,CN(C)CCCN1c2ccccc2CCc2ccc(Cl)cc12
BRD-K53061490,OC(=O)\C=C\c1ccc(Cn2ccnc2)cc1
BRD-K53097745,COc1cc(OC)cc(C=Cc2ccc(O)cc2)c1
BRD-K53318339,CCOC(=O)C1=C[C@]2(CC)CCCN3CCc4c([C@H]23)n1c1ccccc41
BRD-K53508936,ONC(=O)C1(CS(=O)(=O)c2ccc(Oc3ccc(Cl)cc3)cc2)CCOCC1
BRD-K53517854,COCCCC\C(c1ccc(cc1)C(F)(F)F)=N/OCCN
BRD-K53581288,CCS(=O)(=O)N1CC(CC#N)(C1)n1cc(cn1)-c1ncnc2[nH]ccc12
BRD-K53665955,OC(=O)[C@@]1(Cc2cccc(Nc3nccs3)n2)CC[C@@H](CC1)Oc1cccc(Cl)c1F
BRD-K53737926,CN(C)CCC=C1c2ccccc2CCc2ccccc12
BRD-K53765467,OC[C@H]1O[C@H]([C@H](O)[C@@H](O)[C@@H]1O)c1ccc(Cl)c(Cc2ccc(O[C@H]3CCOC3)cc2)c1
BRD-K53814070,C[C@H]1CNCCCN1S(=O)(=O)c1cccc2cncc(F)c12
BRD-K53857191,Cc1nc2CCCCn2c(=O)c1CCN1CCC(CC1)c1noc2cc(F)ccc12
BRD-K53963539,Cc1ccc(Sc2ccccc2N2CCNCC2)c(C)c1
BRD-K53979406,CN(CC[C@@H](Oc1ccc(cc1)-c1ccccc1)c1ccc(F)cc1)CC(O)=O
BRD-K54006094,COc1ccc(C[C@H](C)NC[C@@H](O)c2ccc(O)c(NC=O)c2)cc1
BRD-K54028654,OC[C@H]1O[C@H](O[C@H]2O[C@H](CO)[C@@H](O)[C@H](O)[C@H]2O)[C@H](O)[C@@H](O)[C@@H]1O
BRD-K54416256,Cn1cc[nH]c1=S
BRD-K54472332,COc1cc2n(cc(C(O)=O)c(=O)c2cc1Cc1cccc(Cl)c1F)[C@H](CO)C(C)C
BRD-K54520417,Fc1ccc(cc1)-c1n(Cc2ccc(F)cc2Cl)nc2c(cccc12)C(F)(F)F
BRD-K54640016,CC(C)OC(=O)C1=CN(CC(C)(C)c2c1[nH]c1ccccc21)C(=O)c1ccc(F)c(F)c1
BRD-K54759182,CN(C)CC\C=C1/c2ccccc2CSc2ccccc12
BRD-K54770957,Cc1ccc(cn1)-c1ncc(Cl)cc1-c1ccc(cc1)S(C)(=O)=O
BRD-K54847683,Oc1ccc(cc1)[C@H]1COc2cc(O)ccc2C1
BRD-K54936858,CCC[C@@H](NC(=O)N1[C@@H](Oc2ccc(cc2)C(=O)N2CCN(C)CC2)C(CC)(CC)C1=O)c1ccc2OCOc2c1
BRD-K55013654,C[C@H]1CNCCc2ccc(Cl)cc12
BRD-K55026842,Nc1ncn([C@@H]2O[C@H](CO)[C@@H](O)[C@@H]2O)c(=O)n1
BRD-K55127134,OCCN1CCN(CCCN2c3ccccc3Sc3ccc(cc23)C(F)(F)F)CC1
BRD-K55191674,CC1(C)S[C@@H]2[C@H](NC(=O)Cc3ccccc3)C(=O)N2[C@H]1C(O)=O
BRD-K55250441,COc1ncnc(NS(=O)(=O)c2ccc(N)cc2)c1OC
BRD-K55512740,Cn1cc(cn1)-c1cnc2ccc3ccc(CS(=O)(=O)NCc4ccccn4)cc3c(=O)c2c1
BRD-K55748775,Cc1nc2c(OCc3ccccc3)cccn2c1CC#N
BRD-K55781385,N[C@H]1[C@@H](CC[C@@H](OC(=O)N2CCC(CC2)n2c3cccnc3[nH]c2=O)c2ncccc12)c1cccc(F)c1F
BRD-K55847762,OC(=O)c1ccccc1Nc1cc(Cl)ccc1C(O)=O
BRD-K55930204,O=C1NC(=O)C(N1)(c1ccccc1)c1ccccc1
BRD-K55966568,Cc1[nH]c(\C=C2/C(=O)Nc3ccccc23)c(C)c1CCC(O)=O
BRD-K56032964,COc1cc(ccc1Nc1ncc(Cl)c(Nc2ccccc2P(C)(C)=O)n1)N1CCC(CC1)N(C)C
BRD-K56104152,Clc1ccc(CO\N=C(/Cn2ccnc2)c2ccc(Cl)cc2Cl)c(Cl)c1
BRD-K56195681,Cc1c(F)cc(cc1-c1ccc(cn1)C(=O)NCC(C)(C)C)C(=O)NC1CC1
BRD-K56291712,CCn1c2nc(N)nc(C)c2cc(-c2cc[nH]n2)c1=O
BRD-K56334280,CN(C)CCN1C(=O)c2cccc3cc(N)cc(C1=O)c23
BRD-K56405753,CN(C[C@@H]1COCCO1)S(=O)(=O)Nc1ccc2ccc3ncc(cc3c(=O)c2c1)-c1cnn(C)c1
BRD-K56558538,Nc1c(Br)cc(Br)cc1CN[C@H]1CC[C@H](O)CC1
BRD-K56614220,CC(C)\N=c1/cc2n(-c3ccc(Cl)cc3)c3ccccc3nc2cc1Nc1ccc(Cl)cc1
BRD-K56800335,NC(=N)N\N=C/c1c(Cl)cccc1Cl
BRD-K56844688,COc1cccc2C(=O)c3c(O)c4C[C@](O)(C[C@@H](O[C@H]5C[C@H](N)[C@@H](O)[C@H](C)O5)c4c(O)c3C(=O)c12)C(=O)CO
BRD-K56851771,CNC(=O)c1ccc(cc1F)N1C(=S)N(C(=O)C1(C)C)c1ccc(C#N)c(c1)C(F)(F)F
BRD-K56957086,OCCN(CCc1c[nH]c2ccccc12)Cc1ccc(\C=C\C(=O)NO)cc1
BRD-K57041787,CCCCCCOC(=O)\N=C(\N)c1ccc(NCc2nc3cc(ccc3n2C)C(=O)N(CCC(=O)OCC)c2ccccn2)cc1
BRD-K57222227,COc1ccc2n(C(=O)c3ccc(Cl)cc3)c(C)c(CC(=O)O)c2c1
BRD-K57371763,CC[C@H]1\C=C(C)/[C@@H](O)C\C=C\C=C(CO[C@@H]2O[C@H](C)[C@@H](OC(=O)c3c(O)c(Cl)c(O)c(Cl)c3CC)[C@H](O)[C@@H]2OC)\C(=O)O[C@H](C\C=C(C)\C=C(C)[C@H]1O[C@@H]1OC(C)(C)[C@@H](OC(=O)C(C)C)[C@H](O)[C@H]1O)[C@@H](C)O
BRD-K57432881,CCN(CC)CCNC(=O)c1cc(ccc1OC)S(C)(=O)=O
BRD-K57545991,CCOC(=O)[C@H](CCc1ccccc1)N[C@@H](C)C(=O)N1CCC[C@H]1C(O)=O
BRD-K57569181,CC(=O)CCCCn1c(=O)n(C)c2ncn(C)c2c1=O
BRD-K57631554,NCC(=O)CCC(O)=O
BRD-K57764956,CN(C)C(=O)N[C@H]1CC[C@H](CCN2CCN(CC2)c2cccc(Cl)c2Cl)CC1
BRD-K58010567,NC(=O)c1cc2cc(ccc2o1)N1CCN(CCCCc2c[nH]c3ccc(cc23)C#N)CC1
BRD-K58114536,C#CCN[C@@H]1CCc2ccccc12
BRD-K58211978,CC[C@H]1OC(=O)[C@H](C)[C@H](O[C@H]2C[C@@](C)(OC)[C@@H](O)[C@H](C)O2)[C@H](C)[C@@H](O[C@@H]2O[C@H](C)C[C@@H]([C@H]2O)N(C)C)[C@](C)(O)C[C@@H](C)\C(=N/OCOCCOC)[C@H](C)[C@@H](O)[C@]1(C)O
